﻿<?xml version="1.0" encoding="UTF-8"?>
<Structure xmlns="http://www.SDMX.org/resources/SDMXML/schemas/v2_0/message" xmlns:structure="http://www.SDMX.org/resources/SDMXML/schemas/v2_0/structure" xmlns:xsi="http://www.w3.org/2001/XMLSchema-instance" xsi:schemaLocation="http://www.SDMX.org/resources/SDMXML/schemas/v2_0/message SDMXMessage.xsd">
	<Header>
		<ID>SDMX-HD-DSD</ID>
		<Test>false</Test>
		<Truncated>false</Truncated>
		<Name xml:lang="en">TRAC PLUS</Name>
		<Prepared>2012-06-18</Prepared>
		<Sender id="TRACPLUS">
			<Name>TRAC PLUS</Name>
			<Contact>
				<Name xml:lang="en">Admin</Name>
				<Department>Health Care Informatics</Department>
			</Contact>
		</Sender>
	</Header>

	<OrganisationSchemes>
		<structure:OrganisationScheme id="ORGS_COMMON" agencyID="TRACPLUS" isExternalReference="true" version="1.0" isFinal="true" uri="./CUSTOM/TRACPLUS/v1.0/organisationschemes/ORGS_COMMON+TRACPLUS+1.0.xml">
			<structure:Name>SDMX-HD Common Organisation Scheme</structure:Name>
		</structure:OrganisationScheme>
	</OrganisationSchemes>
	
	<CodeLists>
		<structure:CodeList id="CL_AGE_GROUP_TRAC" agencyID="TRACPLUS" version="1.0" isFinal="false" urn="urn:sdmx:org.sdmx.infomodel.codelist=TRACPLUS:CL_AGE_GROUP_TRAC" isExternalReference="true" uri="./CUSTOM/TRACPLUS/v1.0/codelists/CL_AGE_GROUP+TRACPLUS+1.0.xml">
			<structure:Name xml:lang="en">Age Group</structure:Name>
		</structure:CodeList>
		<structure:CodeList id="CL_GENDER_TRAC" agencyID="TRACPLUS" version="1.0" isFinal="false" urn="urn:sdmx:org.sdmx.infomodel.codelist=TRACPLUS:CL_GENDER_TRAC" isExternalReference="true" uri="./CUSTOM/TRACPLUS/v1.0/codelists/CL_GENDER+TRACPLUS+1.0.xml">
			<structure:Name xml:lang="en">Gender</structure:Name>
		</structure:CodeList>		
		<!-- For the openmrs module, which looks for "CL_FREQ" in order to add automatic monthly or annual attributes to output-->		
		<structure:CodeList id="CL_FREQ" agencyID="TRACPLUS" version="1.0" isFinal="false" urn="urn:sdmx:org.sdmx.infomodel.codelist=TRACPLUS:CL_FREQ_TRAC" isExternalReference="true" uri="./CUSTOM/TRACPLUS/v1.0/codelists/CL_FREQ+TRACPLUS+1.0.xml">
			<structure:Name xml:lang="en">Report Frequency</structure:Name>
		</structure:CodeList>
		<!-- Unique indicators.  The OpenMRS module determines indicators by looking for any codelist called CL_INDICATOR-->		
		<structure:CodeList id="CL_INDICATOR"  agencyID="TRACPLUS" version="1.0" isFinal="false" urn="urn:sdmx:org.sdmx.infomodel.codelist=TRACPLUS:CL_INDICATOR" isExternalReference="true" uri="./additional/CL_INDICATOR.xml">
			<structure:Name xml:lang="en">Indicator</structure:Name>
		</structure:CodeList>
		<!-- Sets of indicators -->	
		<structure:CodeList id="CL_ISET" agencyID="TRACPLUS" version="1.0" isFinal="false" urn="urn:sdmx:org.sdmx.infomodel.codelist=TRACPLUS:CL_ISET" isExternalReference="true" uri="./additional/CL_ISET.xml">
			<structure:Name xml:lang="en">Indicator Set</structure:Name>
		</structure:CodeList>
	</CodeLists>

	<HierarchicalCodelists>
		<structure:HierarchicalCodelist id="HCL_CONFIGURATION_HIERARCHIES" version="1.0" isFinal="false" agencyID="SDMX-HD"    >
			<structure:Name>Configuration hierarchies</structure:Name>
			
			<!-- Aliases for each of the defined Code Lists -->

			<structure:CodelistRef>
				<structure:AgencyID>SDMX-HD</structure:AgencyID>
				<structure:CodelistID>CL_INDICATOR</structure:CodelistID>
				<structure:Version>1.0</structure:Version>
				<structure:Alias>AL_INDICATOR</structure:Alias>
			</structure:CodelistRef>

			<structure:CodelistRef>
				<structure:AgencyID>TRACPLUS</structure:AgencyID>
				<structure:CodelistID>CL_AGE_GROUP_TRAC</structure:CodelistID>
				<structure:Version>1.0</structure:Version>
				<structure:Alias>AL_AGE_GROUP_TRAC</structure:Alias>
			</structure:CodelistRef>

			<structure:CodelistRef>
				<structure:AgencyID>TRACPLUS</structure:AgencyID>
				<structure:CodelistID>CL_GENDER_TRAC</structure:CodelistID>
				<structure:Version>1.0</structure:Version>
				<structure:Alias>AL_GENDER_TRAC</structure:Alias>
			</structure:CodelistRef>

			<structure:CodelistRef>
				<structure:AgencyID>TRACPLUS</structure:AgencyID>
				<structure:CodelistID>CL_ISET</structure:CodelistID>
				<structure:Version>1.0</structure:Version>
				<structure:Alias>AL_ISET</structure:Alias>
			</structure:CodelistRef>
			
			<!-- Definition of all possible indicator and dimension combinations to support. -->
			<!-- If an indicator is not mentioned here it will default to all possible dimensions being calculated.-->

			<structure:Hierarchy id="HY_INDICATOR_DISAGGREGATION">
				<structure:Name>Indicator to Disaggregation Hierarchy</structure:Name>

				<!-- INDICATOR 0 :  Total number of patients currently in Pre-ART, adult and pedi, M/F -->
				<structure:CodeRef>
					  <structure:CodelistAliasRef>AL_INDICATOR</structure:CodelistAliasRef>
					  <structure:CodeID>0</structure:CodeID>
					  <structure:CodeRef>
						<structure:CodelistAliasRef>AL_AGE_GROUP_TRAC</structure:CodelistAliasRef>
						<structure:CodeID>0</structure:CodeID> <!--15 and up -->
						<structure:CodeRef>
							<structure:CodelistAliasRef>AL_GENDER_TRAC</structure:CodelistAliasRef>
							<structure:CodeID>0</structure:CodeID> <!-- male -->
					  	</structure:CodeRef>
						<structure:CodeRef>
							<structure:CodelistAliasRef>AL_GENDER_TRAC</structure:CodelistAliasRef>
							<structure:CodeID>1</structure:CodeID> <!-- female-->
					  	</structure:CodeRef>
					  </structure:CodeRef>
					  <structure:CodeRef>
						<structure:CodelistAliasRef>AL_AGE_GROUP_TRAC</structure:CodelistAliasRef>
						<structure:CodeID>1</structure:CodeID> <!--under 15-->
						<structure:CodeRef>
							<structure:CodelistAliasRef>AL_GENDER_TRAC</structure:CodelistAliasRef>
							<structure:CodeID>0</structure:CodeID> <!-- male -->
					  	</structure:CodeRef>
						<structure:CodeRef>
							<structure:CodelistAliasRef>AL_GENDER_TRAC</structure:CodelistAliasRef>
							<structure:CodeID>1</structure:CodeID> <!-- female-->
					  	</structure:CodeRef>
					  </structure:CodeRef>
				</structure:CodeRef>
                                
				<!-- PRE-ART -->

				<!-- INDICATOR 1 :  Total number of new patients enrolled in HIV care this month -->
				<structure:CodeRef>
					  <structure:CodelistAliasRef>AL_INDICATOR</structure:CodelistAliasRef>
					  <structure:CodeID>1</structure:CodeID>
					  <structure:CodeRef>
						<structure:CodelistAliasRef>AL_AGE_GROUP_TRAC</structure:CodelistAliasRef>
						<structure:CodeID>3</structure:CodeID> <!--18 months and under -->
					  </structure:CodeRef>
					  <structure:CodeRef>
						<structure:CodelistAliasRef>AL_AGE_GROUP_TRAC</structure:CodelistAliasRef>
						<structure:CodeID>2</structure:CodeID> <!--under 5-->
					  </structure:CodeRef>
					  <structure:CodeRef>
						<structure:CodelistAliasRef>AL_AGE_GROUP_TRAC</structure:CodelistAliasRef>
						<structure:CodeID>1</structure:CodeID> <!--under 15-->
						<structure:CodeRef>
							<structure:CodelistAliasRef>AL_GENDER_TRAC</structure:CodelistAliasRef>
							<structure:CodeID>0</structure:CodeID> <!-- male -->
					  	</structure:CodeRef>
						<structure:CodeRef>
							<structure:CodelistAliasRef>AL_GENDER_TRAC</structure:CodelistAliasRef>
							<structure:CodeID>1</structure:CodeID> <!-- female-->
					  	</structure:CodeRef>
					  </structure:CodeRef>
					  <structure:CodeRef>
						<structure:CodelistAliasRef>AL_AGE_GROUP_TRAC</structure:CodelistAliasRef>
						<structure:CodeID>0</structure:CodeID> <!-- 15 and over -->
						<structure:CodeRef>
							<structure:CodelistAliasRef>AL_GENDER_TRAC</structure:CodelistAliasRef>
							<structure:CodeID>0</structure:CodeID> <!-- male -->
					  	</structure:CodeRef>
						<structure:CodeRef>
							<structure:CodelistAliasRef>AL_GENDER_TRAC</structure:CodelistAliasRef>
							<structure:CodeID>1</structure:CodeID> <!-- female-->
					  	</structure:CodeRef>
					  </structure:CodeRef>
				</structure:CodeRef>

				<!-- INDICATOR 2 :  Number of patients on cotrimoxazole prophylaxis this month (Pre-ART and ART) -->
				<structure:CodeRef>
					  <structure:CodelistAliasRef>AL_INDICATOR</structure:CodelistAliasRef>
					  <structure:CodeID>2</structure:CodeID>
				</structure:CodeRef>

				<!-- INDICATOR 3 :  Number of new patients screened for active TB at enrollment this month -->
				<structure:CodeRef>
					  <structure:CodelistAliasRef>AL_INDICATOR</structure:CodelistAliasRef>
					  <structure:CodeID>3</structure:CodeID>
				</structure:CodeRef>

				<!-- INDICATOR 4 :  Number of patients screened for TB Positive at enrollment this month -->
				<structure:CodeRef>
					  <structure:CodelistAliasRef>AL_INDICATOR</structure:CodelistAliasRef>
					  <structure:CodeID>4</structure:CodeID>
				</structure:CodeRef>
				
				<!-- INDICATOR 5 :  Number of newly enrolled patients who started TB treatment this month-->
				<structure:CodeRef>
					  <structure:CodelistAliasRef>AL_INDICATOR</structure:CodelistAliasRef>
					  <structure:CodeID>5</structure:CodeID>
					  <structure:CodeRef>
						<structure:CodelistAliasRef>AL_AGE_GROUP_TRAC</structure:CodelistAliasRef>
						<structure:CodeID>0</structure:CodeID> <!--15 and up -->
					  </structure:CodeRef>
					  <structure:CodeRef>
						<structure:CodelistAliasRef>AL_AGE_GROUP_TRAC</structure:CodelistAliasRef>
						<structure:CodeID>1</structure:CodeID> <!--under 15-->
					  </structure:CodeRef>
				</structure:CodeRef>

				<!-- INDICATOR 6 :  Total number of Pre-ARV patients who died this month -->
				<structure:CodeRef>
					  <structure:CodelistAliasRef>AL_INDICATOR</structure:CodelistAliasRef>
					  <structure:CodeID>6</structure:CodeID>
				</structure:CodeRef>

				<!-- INDICATOR 7 :  Total number of Pre-ARV patients lost to follow up (>3 months) this month -->
				<structure:CodeRef>
					  <structure:CodelistAliasRef>AL_INDICATOR</structure:CodelistAliasRef>
					  <structure:CodeID>7</structure:CodeID>
				</structure:CodeRef>
				
				<!-- INDICATOR 8 :  Total number of Pre-ARV patients who have been transferred out this month -->
				<structure:CodeRef>
					  <structure:CodelistAliasRef>AL_INDICATOR</structure:CodelistAliasRef>
					  <structure:CodeID>8</structure:CodeID>
				</structure:CodeRef>

				<!-- INDICATOR 9 :  Total number of Pre-ARV patients who have been transferred in this month -->
				<structure:CodeRef>
					  <structure:CodelistAliasRef>AL_INDICATOR</structure:CodelistAliasRef>
					  <structure:CodeID>9</structure:CodeID>
				</structure:CodeRef>

				<!-- INDICATOR 10 :  Total number of lost to follow up Pre-ART patients back to program -->
				<structure:CodeRef>
					  <structure:CodelistAliasRef>AL_INDICATOR</structure:CodelistAliasRef>
					  <structure:CodeID>10</structure:CodeID>
				</structure:CodeRef>

				<!-- ART -->

				<!-- INDICATOR 11:  Total number of patients who are currently on ARV treatment  -->
				<structure:CodeRef>
					  <structure:CodelistAliasRef>AL_INDICATOR</structure:CodelistAliasRef>
					  <structure:CodeID>11</structure:CodeID>
					  <structure:CodeRef>
						<structure:CodelistAliasRef>AL_AGE_GROUP_TRAC</structure:CodelistAliasRef>
						<structure:CodeID>3</structure:CodeID> <!--18 months and under -->
					  </structure:CodeRef>
					  <structure:CodeRef>
						<structure:CodelistAliasRef>AL_AGE_GROUP_TRAC</structure:CodelistAliasRef>
						<structure:CodeID>2</structure:CodeID> <!--under 5-->
					  </structure:CodeRef>
					  <structure:CodeRef>
						<structure:CodelistAliasRef>AL_AGE_GROUP_TRAC</structure:CodelistAliasRef>
						<structure:CodeID>1</structure:CodeID> <!--under 15-->
						<structure:CodeRef>
							<structure:CodelistAliasRef>AL_GENDER_TRAC</structure:CodelistAliasRef>
							<structure:CodeID>0</structure:CodeID> <!-- male -->
					  	</structure:CodeRef>
						<structure:CodeRef>
							<structure:CodelistAliasRef>AL_GENDER_TRAC</structure:CodelistAliasRef>
							<structure:CodeID>1</structure:CodeID> <!-- female-->
					  	</structure:CodeRef>
					  </structure:CodeRef>
					  <structure:CodeRef>
						<structure:CodelistAliasRef>AL_AGE_GROUP_TRAC</structure:CodelistAliasRef>
						<structure:CodeID>0</structure:CodeID> <!-- 15 and over -->
						<structure:CodeRef>
							<structure:CodelistAliasRef>AL_GENDER_TRAC</structure:CodelistAliasRef>
							<structure:CodeID>0</structure:CodeID> <!-- male -->
					  	</structure:CodeRef>
						<structure:CodeRef>
							<structure:CodelistAliasRef>AL_GENDER_TRAC</structure:CodelistAliasRef>
							<structure:CodeID>1</structure:CodeID> <!-- female-->
					  	</structure:CodeRef>
					  </structure:CodeRef>
				</structure:CodeRef>
				
				<!--INDICATOR 12: Total number of patients who are on First Line Regimen, UNDER 15, 15 AND OVER  -->	
				<structure:CodeRef>
					  <structure:CodelistAliasRef>AL_INDICATOR</structure:CodelistAliasRef>
					  <structure:CodeID>12</structure:CodeID>
					  <structure:CodeRef>
						<structure:CodelistAliasRef>AL_AGE_GROUP_TRAC</structure:CodelistAliasRef>
						<structure:CodeID>0</structure:CodeID> <!--15 and up -->
					  </structure:CodeRef>
					  <structure:CodeRef>
						<structure:CodelistAliasRef>AL_AGE_GROUP_TRAC</structure:CodelistAliasRef>
						<structure:CodeID>1</structure:CodeID> <!--under 15-->
					  </structure:CodeRef>
				</structure:CodeRef>	

				<!--INDICATOR 13: Total number of patients who are on Second Line Regimen, UNDER 15, 15 AND OVER  -->	
				<structure:CodeRef>
					  <structure:CodelistAliasRef>AL_INDICATOR</structure:CodelistAliasRef>
					  <structure:CodeID>13</structure:CodeID>
					  <structure:CodeRef>
						<structure:CodelistAliasRef>AL_AGE_GROUP_TRAC</structure:CodelistAliasRef>
						<structure:CodeID>0</structure:CodeID> <!--15 and up -->
					  </structure:CodeRef>
					  <structure:CodeRef>
						<structure:CodelistAliasRef>AL_AGE_GROUP_TRAC</structure:CodelistAliasRef>
						<structure:CodeID>1</structure:CodeID> <!--under 15-->
					  </structure:CodeRef>
				</structure:CodeRef>	

				<!--INDICATOR 14: Number of new patients starting ARV treatment this month, UNDER 18 MONTHS, UNDER 5, UNDER 15, 15 AND OVER (MALE, FEMALE)  -->		
				<structure:CodeRef>
					  <structure:CodelistAliasRef>AL_INDICATOR</structure:CodelistAliasRef>
					  <structure:CodeID>14</structure:CodeID>
					  <structure:CodeRef>
						<structure:CodelistAliasRef>AL_AGE_GROUP_TRAC</structure:CodelistAliasRef>
						<structure:CodeID>3</structure:CodeID> <!--18 months and under -->
					  </structure:CodeRef>
					  <structure:CodeRef>
						<structure:CodelistAliasRef>AL_AGE_GROUP_TRAC</structure:CodelistAliasRef>
						<structure:CodeID>2</structure:CodeID> <!--under 5-->
					  </structure:CodeRef>
					  <structure:CodeRef>
						<structure:CodelistAliasRef>AL_AGE_GROUP_TRAC</structure:CodelistAliasRef>
						<structure:CodeID>1</structure:CodeID> <!--under 15-->
						<structure:CodeRef>
							<structure:CodelistAliasRef>AL_GENDER_TRAC</structure:CodelistAliasRef>
							<structure:CodeID>0</structure:CodeID> <!-- male -->
					  	</structure:CodeRef>
						<structure:CodeRef>
							<structure:CodelistAliasRef>AL_GENDER_TRAC</structure:CodelistAliasRef>
							<structure:CodeID>1</structure:CodeID> <!-- female-->
					  	</structure:CodeRef>
					  </structure:CodeRef>
					  <structure:CodeRef>
						<structure:CodelistAliasRef>AL_AGE_GROUP_TRAC</structure:CodelistAliasRef>
						<structure:CodeID>0</structure:CodeID> <!-- 15 and over -->
						<structure:CodeRef>
							<structure:CodelistAliasRef>AL_GENDER_TRAC</structure:CodelistAliasRef>
							<structure:CodeID>0</structure:CodeID> <!-- male -->
					  	</structure:CodeRef>
						<structure:CodeRef>
							<structure:CodelistAliasRef>AL_GENDER_TRAC</structure:CodelistAliasRef>
							<structure:CodeID>1</structure:CodeID> <!-- female-->
					  	</structure:CodeRef>
					  </structure:CodeRef>
				</structure:CodeRef>

				<!-- INDICATOR 15: Number of new patients who are WHO stage 4 this month, UNDER 15, 15 AND OVER -->
				<structure:CodeRef>
					  <structure:CodelistAliasRef>AL_INDICATOR</structure:CodelistAliasRef>
					  <structure:CodeID>15</structure:CodeID>
					  <structure:CodeRef>
						<structure:CodelistAliasRef>AL_AGE_GROUP_TRAC</structure:CodelistAliasRef>
						<structure:CodeID>0</structure:CodeID> <!--15 and up -->
					  </structure:CodeRef>
					  <structure:CodeRef>
						<structure:CodelistAliasRef>AL_AGE_GROUP_TRAC</structure:CodelistAliasRef>
						<structure:CodeID>1</structure:CodeID> <!--under 15-->
					  </structure:CodeRef>
				</structure:CodeRef>	

				<!-- INDICATOR 16: Number of new patients who are WHO Stage 3 this month, UNDER 15, 15 AND OVER -->
				<structure:CodeRef>
					  <structure:CodelistAliasRef>AL_INDICATOR</structure:CodelistAliasRef>
					  <structure:CodeID>16</structure:CodeID>
					  <structure:CodeRef>
						<structure:CodelistAliasRef>AL_AGE_GROUP_TRAC</structure:CodelistAliasRef>
						<structure:CodeID>0</structure:CodeID> <!--15 and up -->
					  </structure:CodeRef>
					  <structure:CodeRef>
						<structure:CodelistAliasRef>AL_AGE_GROUP_TRAC</structure:CodelistAliasRef>
						<structure:CodeID>1</structure:CodeID> <!--under 15-->
					  </structure:CodeRef>
				</structure:CodeRef>	

				<!-- INDICATOR 17: Number of new patients who are WHO Stage 2 this month, UNDER 15, 15 AND OVER -->
				<structure:CodeRef>
					  <structure:CodelistAliasRef>AL_INDICATOR</structure:CodelistAliasRef>
					  <structure:CodeID>17</structure:CodeID>
					  <structure:CodeRef>
						<structure:CodelistAliasRef>AL_AGE_GROUP_TRAC</structure:CodelistAliasRef>
						<structure:CodeID>0</structure:CodeID> <!--15 and up -->
					  </structure:CodeRef>
					  <structure:CodeRef>
						<structure:CodelistAliasRef>AL_AGE_GROUP_TRAC</structure:CodelistAliasRef>
						<structure:CodeID>1</structure:CodeID> <!--under 15-->
					  </structure:CodeRef>
				</structure:CodeRef>	

				<!-- INDICATOR 18: Number of new patients who are WHO Stage 1 this month, UNDER 15, 15 AND OVER -->
				<structure:CodeRef>
					  <structure:CodelistAliasRef>AL_INDICATOR</structure:CodelistAliasRef>
					  <structure:CodeID>18</structure:CodeID>
					  <structure:CodeRef>
						<structure:CodelistAliasRef>AL_AGE_GROUP_TRAC</structure:CodelistAliasRef>
						<structure:CodeID>0</structure:CodeID> <!--15 and up -->
					  </structure:CodeRef>
					  <structure:CodeRef>
						<structure:CodelistAliasRef>AL_AGE_GROUP_TRAC</structure:CodelistAliasRef>
						<structure:CodeID>1</structure:CodeID> <!--under 15-->
					  </structure:CodeRef>
				</structure:CodeRef>	

				<!-- INDICATOR 19: Number of new patients whose WHO Stage is unknown and not documented this month UNDER 15, 15 AND OVER-->
				<structure:CodeRef>
					  <structure:CodelistAliasRef>AL_INDICATOR</structure:CodelistAliasRef>
					  <structure:CodeID>19</structure:CodeID>
					  <structure:CodeRef>
						<structure:CodelistAliasRef>AL_AGE_GROUP_TRAC</structure:CodelistAliasRef>
						<structure:CodeID>0</structure:CodeID> <!--15 and up -->
					  </structure:CodeRef>
					  <structure:CodeRef>
						<structure:CodelistAliasRef>AL_AGE_GROUP_TRAC</structure:CodelistAliasRef>
						<structure:CodeID>1</structure:CodeID> <!--under 15-->
					  </structure:CodeRef>
				</structure:CodeRef>

				<!--  INDICATOR 20: Number of ARV patients who have had their treatment interrupted this month UNDER 15, 15 AND OVER-->
				<structure:CodeRef>
					  <structure:CodelistAliasRef>AL_INDICATOR</structure:CodelistAliasRef>
					  <structure:CodeID>20</structure:CodeID>
					  <structure:CodeRef>
						<structure:CodelistAliasRef>AL_AGE_GROUP_TRAC</structure:CodelistAliasRef>
						<structure:CodeID>0</structure:CodeID> <!--15 and up -->
					  </structure:CodeRef>
					  <structure:CodeRef>
						<structure:CodelistAliasRef>AL_AGE_GROUP_TRAC</structure:CodelistAliasRef>
						<structure:CodeID>1</structure:CodeID> <!--under 15-->
					  </structure:CodeRef>
				</structure:CodeRef>

				<!-- INDICATOR 21:  Number of ARV patients who have died this month UNDER 15, 15 AND OVER-->
				<structure:CodeRef>
					  <structure:CodelistAliasRef>AL_INDICATOR</structure:CodelistAliasRef>
					  <structure:CodeID>21</structure:CodeID>
					  <structure:CodeRef>
						<structure:CodelistAliasRef>AL_AGE_GROUP_TRAC</structure:CodelistAliasRef>
						<structure:CodeID>0</structure:CodeID> <!--15 and up -->
					  </structure:CodeRef>
					  <structure:CodeRef>
						<structure:CodelistAliasRef>AL_AGE_GROUP_TRAC</structure:CodelistAliasRef>
						<structure:CodeID>1</structure:CodeID> <!--under 15-->
					  </structure:CodeRef>
				</structure:CodeRef>

				<!-- INDICATOR 22:  Number of ARV patients lost to follow up (>3 months) UNDER 15, 15 AND OVER-->
				<structure:CodeRef>
					  <structure:CodelistAliasRef>AL_INDICATOR</structure:CodelistAliasRef>
					  <structure:CodeID>22</structure:CodeID>
					  <structure:CodeRef>
						<structure:CodelistAliasRef>AL_AGE_GROUP_TRAC</structure:CodelistAliasRef>
						<structure:CodeID>0</structure:CodeID> <!--15 and up -->
					  </structure:CodeRef>
					  <structure:CodeRef>
						<structure:CodelistAliasRef>AL_AGE_GROUP_TRAC</structure:CodelistAliasRef>
						<structure:CodeID>1</structure:CodeID> <!--under 15-->
					  </structure:CodeRef>
				</structure:CodeRef>

				<!-- INDICATOR 23 : Number of patients on treatment 12 months after initiation of ARVs, MALE FEMALE -->
				<structure:CodeRef>
					  <structure:CodelistAliasRef>AL_INDICATOR</structure:CodelistAliasRef>
					  <structure:CodeID>23</structure:CodeID>
					  <structure:CodeRef>
						<structure:CodelistAliasRef>AL_GENDER_TRAC</structure:CodelistAliasRef>
						<structure:CodeID>0</structure:CodeID> <!-- male -->
					  </structure:CodeRef>
					  <structure:CodeRef>
						<structure:CodelistAliasRef>AL_GENDER_TRAC</structure:CodelistAliasRef>
						<structure:CodeID>1</structure:CodeID> <!-- female-->
					  </structure:CodeRef>
				</structure:CodeRef>

				<!-- INDICATOR 24: Number of ARV patients who have been transferred out this month UNDER 15, 15 AND OVER-->
				<structure:CodeRef>
					  <structure:CodelistAliasRef>AL_INDICATOR</structure:CodelistAliasRef>
					  <structure:CodeID>24</structure:CodeID>
					  <structure:CodeRef>
						<structure:CodelistAliasRef>AL_AGE_GROUP_TRAC</structure:CodelistAliasRef>
						<structure:CodeID>0</structure:CodeID> <!--15 and up -->
					  </structure:CodeRef>
					  <structure:CodeRef>
						<structure:CodelistAliasRef>AL_AGE_GROUP_TRAC</structure:CodelistAliasRef>
						<structure:CodeID>1</structure:CodeID> <!--under 15-->
					  </structure:CodeRef>
				</structure:CodeRef>

				<!-- INDICATOR 25: Number of ARV patients who have been transferred in this month-->
				<structure:CodeRef>
					  <structure:CodelistAliasRef>AL_INDICATOR</structure:CodelistAliasRef>
					  <structure:CodeID>25</structure:CodeID>
					  <structure:CodeRef>
						<structure:CodelistAliasRef>AL_AGE_GROUP_TRAC</structure:CodelistAliasRef>
						<structure:CodeID>0</structure:CodeID> <!-- 15 and up -->
					  </structure:CodeRef>
					  <structure:CodeRef>
						<structure:CodelistAliasRef>AL_AGE_GROUP_TRAC</structure:CodelistAliasRef>
						<structure:CodeID>1</structure:CodeID> <!-- under 15-->
					  </structure:CodeRef>
				</structure:CodeRef>

				<!-- INDICATOR 33: Total number of lost to follow up ART patients back to program this month-->
				<structure:CodeRef>
					  <structure:CodelistAliasRef>AL_INDICATOR</structure:CodelistAliasRef>
					  <structure:CodeID>33</structure:CodeID>
				</structure:CodeRef>

				<!-- INDICATOR 26: Number of new patient starting ART second line regimen this month -->
				<structure:CodeRef>
					  <structure:CodelistAliasRef>AL_INDICATOR</structure:CodelistAliasRef>
					  <structure:CodeID>26</structure:CodeID>
					  <structure:CodeRef>
						<structure:CodelistAliasRef>AL_AGE_GROUP_TRAC</structure:CodelistAliasRef>
						<structure:CodeID>0</structure:CodeID> <!-- 15 and up -->
					  </structure:CodeRef>
					  <structure:CodeRef>
						<structure:CodelistAliasRef>AL_AGE_GROUP_TRAC</structure:CodelistAliasRef>
						<structure:CodeID>1</structure:CodeID> <!-- under 15-->
					  </structure:CodeRef>
				</structure:CodeRef>

				<!-- STI -->

				<!-- INDICATOR 27   Number of clients who received councelling and screening for STIs this month-->
				<structure:CodeRef>
					  <structure:CodelistAliasRef>AL_INDICATOR</structure:CodelistAliasRef>
					  <structure:CodeID>27</structure:CodeID>
				</structure:CodeRef>

				<!-- INDICATOR 28  Number of STI cases diagnosed and treated this month-->
				<structure:CodeRef>
					  <structure:CodelistAliasRef>AL_INDICATOR</structure:CodelistAliasRef>
					  <structure:CodeID>28</structure:CodeID>
				</structure:CodeRef>

				<!-- INDICATOR 29  Number of opportunistic infection cases treated, excluding TB, this month?-->
				<structure:CodeRef>
					  <structure:CodelistAliasRef>AL_INDICATOR</structure:CodelistAliasRef>
					  <structure:CodeID>29</structure:CodeID>
				</structure:CodeRef>				
				

				<!-- NUTRITION -->

				<!-- INDICATOR 30   Number of HIV + pediatric patients with severe malnutrition this month UNDER 5 -->
				<structure:CodeRef>
					  <structure:CodelistAliasRef>AL_INDICATOR</structure:CodelistAliasRef>
					  <structure:CodeID>30</structure:CodeID>
					  <structure:CodeRef>
						<structure:CodelistAliasRef>AL_AGE_GROUP_TRAC</structure:CodelistAliasRef>
						<structure:CodeID>2</structure:CodeID> <!-- under 5-->
					  </structure:CodeRef>
				</structure:CodeRef>

				<!-- INDICATOR 31   Number of HIV+ pediatric patients with severe malnutrition who received therapeutic or nutritional supplementation this month -->
				<structure:CodeRef>
					  <structure:CodelistAliasRef>AL_INDICATOR</structure:CodelistAliasRef>
					  <structure:CodeID>31</structure:CodeID>
					  <structure:CodeRef>
						<structure:CodelistAliasRef>AL_AGE_GROUP_TRAC</structure:CodelistAliasRef>
						<structure:CodeID>2</structure:CodeID> <!-- under 5-->
					  </structure:CodeRef>
				</structure:CodeRef>

				<!-- INDICATOR 32: Number of HIV+ patients who received therapeutic or nutritional supplementation this month UNDER 15, 15 AND OVER-->
				<structure:CodeRef>
					  <structure:CodelistAliasRef>AL_INDICATOR</structure:CodelistAliasRef>
					  <structure:CodeID>32</structure:CodeID>
					  <structure:CodeRef>
						<structure:CodelistAliasRef>AL_AGE_GROUP_TRAC</structure:CodelistAliasRef>
						<structure:CodeID>0</structure:CodeID> <!-- 15 and up -->
					  </structure:CodeRef>
					  <structure:CodeRef>
						<structure:CodelistAliasRef>AL_AGE_GROUP_TRAC</structure:CodelistAliasRef>
						<structure:CodeID>1</structure:CodeID> <!-- under 15-->
					  </structure:CodeRef>
				</structure:CodeRef>

				<!-- INDICATOR 37 Number of patients who received a follow-up and adherence counselling -->
				<structure:CodeRef>
					  <structure:CodelistAliasRef>AL_INDICATOR</structure:CodelistAliasRef>
					  <structure:CodeID>37</structure:CodeID>
				</structure:CodeRef>	

				<!-- INDICATOR 38  Number of patients who received family planning this month -->
				<structure:CodeRef>
					  <structure:CodelistAliasRef>AL_INDICATOR</structure:CodelistAliasRef>
					  <structure:CodeID>38</structure:CodeID>
					  <structure:CodeRef>
						<structure:CodelistAliasRef>AL_AGE_GROUP_TRAC</structure:CodelistAliasRef>
						<structure:CodeID>4</structure:CodeID> <!-- 15-49 -->
					  </structure:CodeRef>
				</structure:CodeRef>

				<!-- ANTENATAL (NO DISAGGREGATION REQUIRED, SO INDICATORS 39 THROUGH 59 ARE LISTED HERE WITHOUT COMMENTS)-->

				<structure:CodeRef>
					  <structure:CodelistAliasRef>AL_INDICATOR</structure:CodelistAliasRef>
					  <structure:CodeID>39</structure:CodeID>
				</structure:CodeRef>	
				<structure:CodeRef>
					  <structure:CodelistAliasRef>AL_INDICATOR</structure:CodelistAliasRef>
					  <structure:CodeID>40</structure:CodeID>
				</structure:CodeRef>
				<structure:CodeRef>
					  <structure:CodelistAliasRef>AL_INDICATOR</structure:CodelistAliasRef>
					  <structure:CodeID>41</structure:CodeID>
				</structure:CodeRef>
				<structure:CodeRef>
					  <structure:CodelistAliasRef>AL_INDICATOR</structure:CodelistAliasRef>
					  <structure:CodeID>42</structure:CodeID>
				</structure:CodeRef>
				<structure:CodeRef>
					  <structure:CodelistAliasRef>AL_INDICATOR</structure:CodelistAliasRef>
					  <structure:CodeID>43</structure:CodeID>
				</structure:CodeRef>
				<structure:CodeRef>
					  <structure:CodelistAliasRef>AL_INDICATOR</structure:CodelistAliasRef>
					  <structure:CodeID>44</structure:CodeID>
				</structure:CodeRef>
				<structure:CodeRef>
					  <structure:CodelistAliasRef>AL_INDICATOR</structure:CodelistAliasRef>
					  <structure:CodeID>45</structure:CodeID>
				</structure:CodeRef>
				<structure:CodeRef>
					  <structure:CodelistAliasRef>AL_INDICATOR</structure:CodelistAliasRef>
					  <structure:CodeID>46</structure:CodeID>
				</structure:CodeRef>
				<structure:CodeRef>
					  <structure:CodelistAliasRef>AL_INDICATOR</structure:CodelistAliasRef>
					  <structure:CodeID>47</structure:CodeID>
				</structure:CodeRef>
				<structure:CodeRef>
					  <structure:CodelistAliasRef>AL_INDICATOR</structure:CodelistAliasRef>
					  <structure:CodeID>48</structure:CodeID>
				</structure:CodeRef>
				<structure:CodeRef>
					  <structure:CodelistAliasRef>AL_INDICATOR</structure:CodelistAliasRef>
					  <structure:CodeID>49</structure:CodeID>
				</structure:CodeRef>
				<structure:CodeRef>
					  <structure:CodelistAliasRef>AL_INDICATOR</structure:CodelistAliasRef>
					  <structure:CodeID>50</structure:CodeID>
				</structure:CodeRef>
				<structure:CodeRef>
					  <structure:CodelistAliasRef>AL_INDICATOR</structure:CodelistAliasRef>
					  <structure:CodeID>51</structure:CodeID>
				</structure:CodeRef>
				<structure:CodeRef>
					  <structure:CodelistAliasRef>AL_INDICATOR</structure:CodelistAliasRef>
					  <structure:CodeID>52</structure:CodeID>
				</structure:CodeRef>
				<structure:CodeRef>
					  <structure:CodelistAliasRef>AL_INDICATOR</structure:CodelistAliasRef>
					  <structure:CodeID>53</structure:CodeID>
				</structure:CodeRef>
				<structure:CodeRef>
					  <structure:CodelistAliasRef>AL_INDICATOR</structure:CodelistAliasRef>
					  <structure:CodeID>54</structure:CodeID>
				</structure:CodeRef>
				<structure:CodeRef>
					  <structure:CodelistAliasRef>AL_INDICATOR</structure:CodelistAliasRef>
					  <structure:CodeID>55</structure:CodeID>
				</structure:CodeRef>
				<structure:CodeRef>
					  <structure:CodelistAliasRef>AL_INDICATOR</structure:CodelistAliasRef>
					  <structure:CodeID>56</structure:CodeID>
				</structure:CodeRef>
				<structure:CodeRef>
					  <structure:CodelistAliasRef>AL_INDICATOR</structure:CodelistAliasRef>
					  <structure:CodeID>57</structure:CodeID>
				</structure:CodeRef>
				<structure:CodeRef>
					  <structure:CodelistAliasRef>AL_INDICATOR</structure:CodelistAliasRef>
					  <structure:CodeID>58</structure:CodeID>
				</structure:CodeRef>
				<structure:CodeRef>
					  <structure:CodelistAliasRef>AL_INDICATOR</structure:CodelistAliasRef>
					  <structure:CodeID>59</structure:CodeID>
				</structure:CodeRef>	

				<!--MATERNITY  (NO DISAGGREGATION)-->

				<structure:CodeRef>
					  <structure:CodelistAliasRef>AL_INDICATOR</structure:CodelistAliasRef>
					  <structure:CodeID>60</structure:CodeID>
				</structure:CodeRef>
				<structure:CodeRef>
					  <structure:CodelistAliasRef>AL_INDICATOR</structure:CodelistAliasRef>
					  <structure:CodeID>61</structure:CodeID>
				</structure:CodeRef>
				<structure:CodeRef>
					  <structure:CodelistAliasRef>AL_INDICATOR</structure:CodelistAliasRef>
					  <structure:CodeID>62</structure:CodeID>
				</structure:CodeRef>
				<structure:CodeRef>
					  <structure:CodelistAliasRef>AL_INDICATOR</structure:CodelistAliasRef>
					  <structure:CodeID>63</structure:CodeID>
				</structure:CodeRef>
				<structure:CodeRef>
					  <structure:CodelistAliasRef>AL_INDICATOR</structure:CodelistAliasRef>
					  <structure:CodeID>64</structure:CodeID>
				</structure:CodeRef>
				<structure:CodeRef>
					  <structure:CodelistAliasRef>AL_INDICATOR</structure:CodelistAliasRef>
					  <structure:CodeID>65</structure:CodeID>
				</structure:CodeRef>
				<structure:CodeRef>
					  <structure:CodelistAliasRef>AL_INDICATOR</structure:CodelistAliasRef>
					  <structure:CodeID>66</structure:CodeID>
				</structure:CodeRef>
				<structure:CodeRef>
					  <structure:CodelistAliasRef>AL_INDICATOR</structure:CodelistAliasRef>
					  <structure:CodeID>67</structure:CodeID>
				</structure:CodeRef>
				<structure:CodeRef>
					  <structure:CodelistAliasRef>AL_INDICATOR</structure:CodelistAliasRef>
					  <structure:CodeID>68</structure:CodeID>
				</structure:CodeRef>
				<structure:CodeRef>
					  <structure:CodelistAliasRef>AL_INDICATOR</structure:CodelistAliasRef>
					  <structure:CodeID>69</structure:CodeID>
				</structure:CodeRef>
				<structure:CodeRef>
					  <structure:CodelistAliasRef>AL_INDICATOR</structure:CodelistAliasRef>
					  <structure:CodeID>70</structure:CodeID>
				</structure:CodeRef>	

				<!-- EXPOSED INFANTS (NO DISAGGREGATION)-->

				<structure:CodeRef>
					  <structure:CodelistAliasRef>AL_INDICATOR</structure:CodelistAliasRef>
					  <structure:CodeID>71</structure:CodeID>
				</structure:CodeRef>
				<structure:CodeRef>
					  <structure:CodelistAliasRef>AL_INDICATOR</structure:CodelistAliasRef>
					  <structure:CodeID>72</structure:CodeID>
				</structure:CodeRef>
				<structure:CodeRef>
					  <structure:CodelistAliasRef>AL_INDICATOR</structure:CodelistAliasRef>
					  <structure:CodeID>73</structure:CodeID>
				</structure:CodeRef>
				<structure:CodeRef>
					  <structure:CodelistAliasRef>AL_INDICATOR</structure:CodelistAliasRef>
					  <structure:CodeID>74</structure:CodeID>
				</structure:CodeRef>
				<structure:CodeRef>
					  <structure:CodelistAliasRef>AL_INDICATOR</structure:CodelistAliasRef>
					  <structure:CodeID>75</structure:CodeID>
				</structure:CodeRef>
				<structure:CodeRef>
					  <structure:CodelistAliasRef>AL_INDICATOR</structure:CodelistAliasRef>
					  <structure:CodeID>76</structure:CodeID>
				</structure:CodeRef>
				<structure:CodeRef>
					  <structure:CodelistAliasRef>AL_INDICATOR</structure:CodelistAliasRef>
					  <structure:CodeID>77</structure:CodeID>
				</structure:CodeRef>
				<structure:CodeRef>
					  <structure:CodelistAliasRef>AL_INDICATOR</structure:CodelistAliasRef>
					  <structure:CodeID>78</structure:CodeID>
				</structure:CodeRef>
				<structure:CodeRef>
					  <structure:CodelistAliasRef>AL_INDICATOR</structure:CodelistAliasRef>
					  <structure:CodeID>79</structure:CodeID>
				</structure:CodeRef>
				<structure:CodeRef>
					  <structure:CodelistAliasRef>AL_INDICATOR</structure:CodelistAliasRef>
					  <structure:CodeID>80</structure:CodeID>
				</structure:CodeRef>
				<structure:CodeRef>
					  <structure:CodelistAliasRef>AL_INDICATOR</structure:CodelistAliasRef>
					  <structure:CodeID>81</structure:CodeID>
				</structure:CodeRef>
				<structure:CodeRef>
					  <structure:CodelistAliasRef>AL_INDICATOR</structure:CodelistAliasRef>
					  <structure:CodeID>82</structure:CodeID>
				</structure:CodeRef>
				<structure:CodeRef>
					  <structure:CodelistAliasRef>AL_INDICATOR</structure:CodelistAliasRef>
					  <structure:CodeID>83</structure:CodeID>
				</structure:CodeRef>
				<structure:CodeRef>
					  <structure:CodelistAliasRef>AL_INDICATOR</structure:CodelistAliasRef>
					  <structure:CodeID>84</structure:CodeID>
				</structure:CodeRef>
				<structure:CodeRef>
					  <structure:CodelistAliasRef>AL_INDICATOR</structure:CodelistAliasRef>
					  <structure:CodeID>85</structure:CodeID>
				</structure:CodeRef>
				<structure:CodeRef>
					  <structure:CodelistAliasRef>AL_INDICATOR</structure:CodelistAliasRef>
					  <structure:CodeID>86</structure:CodeID>
				</structure:CodeRef>
				<structure:CodeRef>
					  <structure:CodelistAliasRef>AL_INDICATOR</structure:CodelistAliasRef>
					  <structure:CodeID>87</structure:CodeID>
				</structure:CodeRef>
				<structure:CodeRef>
					  <structure:CodelistAliasRef>AL_INDICATOR</structure:CodelistAliasRef>
					  <structure:CodeID>88</structure:CodeID>
				</structure:CodeRef>
				<structure:CodeRef>
					  <structure:CodelistAliasRef>AL_INDICATOR</structure:CodelistAliasRef>
					  <structure:CodeID>89</structure:CodeID>
				</structure:CodeRef>
					
				<!-- FAMILY PLANNING (NO DISAGGREGATION)-->

				<structure:CodeRef>
					  <structure:CodelistAliasRef>AL_INDICATOR</structure:CodelistAliasRef>
					  <structure:CodeID>90</structure:CodeID>
				</structure:CodeRef>
				<structure:CodeRef>
					  <structure:CodelistAliasRef>AL_INDICATOR</structure:CodelistAliasRef>
					  <structure:CodeID>91</structure:CodeID>
				</structure:CodeRef>
				<structure:CodeRef>
					  <structure:CodelistAliasRef>AL_INDICATOR</structure:CodelistAliasRef>
					  <structure:CodeID>92</structure:CodeID>
				</structure:CodeRef>
				<structure:CodeRef>
					  <structure:CodelistAliasRef>AL_INDICATOR</structure:CodelistAliasRef>
					  <structure:CodeID>93</structure:CodeID>
				</structure:CodeRef>
				<structure:CodeRef>
					  <structure:CodelistAliasRef>AL_INDICATOR</structure:CodelistAliasRef>
					  <structure:CodeID>94</structure:CodeID>
				</structure:CodeRef>
				
				<!-- VCT -->

				<!-- INDICATOR 95 Number of clients counseled and tested for HIV  UNDER 15 (m+f), 15 TO 24 (M+f), >= 25 (m+f)-->
				<structure:CodeRef>
					  <structure:CodelistAliasRef>AL_INDICATOR</structure:CodelistAliasRef>
					  <structure:CodeID>95</structure:CodeID>
					  <structure:CodeRef>
						<structure:CodelistAliasRef>AL_AGE_GROUP_TRAC</structure:CodelistAliasRef>
						<structure:CodeID>1</structure:CodeID> <!--under 15-->
						<structure:CodeRef>
							<structure:CodelistAliasRef>AL_GENDER_TRAC</structure:CodelistAliasRef>
							<structure:CodeID>0</structure:CodeID> <!-- male -->
					  	</structure:CodeRef>
						<structure:CodeRef>
							<structure:CodelistAliasRef>AL_GENDER_TRAC</structure:CodelistAliasRef>
							<structure:CodeID>1</structure:CodeID> <!-- female-->
					  	</structure:CodeRef>
					  </structure:CodeRef>
					  <structure:CodeRef>
						<structure:CodelistAliasRef>AL_AGE_GROUP_TRAC</structure:CodelistAliasRef>
						<structure:CodeID>5</structure:CodeID> <!--under 15-->
						<structure:CodeRef>
							<structure:CodelistAliasRef>AL_GENDER_TRAC</structure:CodelistAliasRef>
							<structure:CodeID>0</structure:CodeID> <!-- male -->
					  	</structure:CodeRef>
						<structure:CodeRef>
							<structure:CodelistAliasRef>AL_GENDER_TRAC</structure:CodelistAliasRef>
							<structure:CodeID>1</structure:CodeID> <!-- female-->
					  	</structure:CodeRef>
					  </structure:CodeRef>
					  <structure:CodeRef>
						<structure:CodelistAliasRef>AL_AGE_GROUP_TRAC</structure:CodelistAliasRef>
						<structure:CodeID>6</structure:CodeID> <!--under 15-->
						<structure:CodeRef>
							<structure:CodelistAliasRef>AL_GENDER_TRAC</structure:CodelistAliasRef>
							<structure:CodeID>0</structure:CodeID> <!-- male -->
					  	</structure:CodeRef>
						<structure:CodeRef>
							<structure:CodelistAliasRef>AL_GENDER_TRAC</structure:CodelistAliasRef>
							<structure:CodeID>1</structure:CodeID> <!-- female-->
					  	</structure:CodeRef>
					  </structure:CodeRef>
				</structure:CodeRef>
			
				<!-- INDICATOR 96 Number of couples counseled and tested -->
				<structure:CodeRef>
					  <structure:CodelistAliasRef>AL_INDICATOR</structure:CodelistAliasRef>
					  <structure:CodeID>96</structure:CodeID>
				</structure:CodeRef>
				<!-- INDICATOR 97 Number of discordant couples -->
				<structure:CodeRef>
					  <structure:CodelistAliasRef>AL_INDICATOR</structure:CodelistAliasRef>
					  <structure:CodeID>97</structure:CodeID>
				</structure:CodeRef>

				<!-- INDICATOR 98 Number of clients tested and received results UNDER 15 (m+f), 15 TO 24 (M+f), >= 25 (m+f)-->
				<structure:CodeRef>
					  <structure:CodelistAliasRef>AL_INDICATOR</structure:CodelistAliasRef>
					  <structure:CodeID>98</structure:CodeID>
					  <structure:CodeRef>
						<structure:CodelistAliasRef>AL_AGE_GROUP_TRAC</structure:CodelistAliasRef>
						<structure:CodeID>1</structure:CodeID> <!--under 15-->
						<structure:CodeRef>
							<structure:CodelistAliasRef>AL_GENDER_TRAC</structure:CodelistAliasRef>
							<structure:CodeID>0</structure:CodeID> <!-- male -->
					  	</structure:CodeRef>
						<structure:CodeRef>
							<structure:CodelistAliasRef>AL_GENDER_TRAC</structure:CodelistAliasRef>
							<structure:CodeID>1</structure:CodeID> <!-- female-->
					  	</structure:CodeRef>
					  </structure:CodeRef>
					  <structure:CodeRef>
						<structure:CodelistAliasRef>AL_AGE_GROUP_TRAC</structure:CodelistAliasRef>
						<structure:CodeID>5</structure:CodeID> <!--under 15-->
						<structure:CodeRef>
							<structure:CodelistAliasRef>AL_GENDER_TRAC</structure:CodelistAliasRef>
							<structure:CodeID>0</structure:CodeID> <!-- male -->
					  	</structure:CodeRef>
						<structure:CodeRef>
							<structure:CodelistAliasRef>AL_GENDER_TRAC</structure:CodelistAliasRef>
							<structure:CodeID>1</structure:CodeID> <!-- female-->
					  	</structure:CodeRef>
					  </structure:CodeRef>
					  <structure:CodeRef>
						<structure:CodelistAliasRef>AL_AGE_GROUP_TRAC</structure:CodelistAliasRef>
						<structure:CodeID>6</structure:CodeID> <!--under 15-->
						<structure:CodeRef>
							<structure:CodelistAliasRef>AL_GENDER_TRAC</structure:CodelistAliasRef>
							<structure:CodeID>0</structure:CodeID> <!-- male -->
					  	</structure:CodeRef>
						<structure:CodeRef>
							<structure:CodelistAliasRef>AL_GENDER_TRAC</structure:CodelistAliasRef>
							<structure:CodeID>1</structure:CodeID> <!-- female-->
					  	</structure:CodeRef>
					  </structure:CodeRef>
				</structure:CodeRef>

				<!-- INDICATOR 99 Number of HIV Positive clients UNDER 15 (m+f), 15 TO 24 (M+f), >= 25 (m+f)-->
				<structure:CodeRef>
					  <structure:CodelistAliasRef>AL_INDICATOR</structure:CodelistAliasRef>
					  <structure:CodeID>99</structure:CodeID>
					  <structure:CodeRef>
						<structure:CodelistAliasRef>AL_AGE_GROUP_TRAC</structure:CodelistAliasRef>
						<structure:CodeID>1</structure:CodeID> <!--under 15-->
						<structure:CodeRef>
							<structure:CodelistAliasRef>AL_GENDER_TRAC</structure:CodelistAliasRef>
							<structure:CodeID>0</structure:CodeID> <!-- male -->
					  	</structure:CodeRef>
						<structure:CodeRef>
							<structure:CodelistAliasRef>AL_GENDER_TRAC</structure:CodelistAliasRef>
							<structure:CodeID>1</structure:CodeID> <!-- female-->
					  	</structure:CodeRef>
					  </structure:CodeRef>
					  <structure:CodeRef>
						<structure:CodelistAliasRef>AL_AGE_GROUP_TRAC</structure:CodelistAliasRef>
						<structure:CodeID>5</structure:CodeID> <!--under 15-->
						<structure:CodeRef>
							<structure:CodelistAliasRef>AL_GENDER_TRAC</structure:CodelistAliasRef>
							<structure:CodeID>0</structure:CodeID> <!-- male -->
					  	</structure:CodeRef>
						<structure:CodeRef>
							<structure:CodelistAliasRef>AL_GENDER_TRAC</structure:CodelistAliasRef>
							<structure:CodeID>1</structure:CodeID> <!-- female-->
					  	</structure:CodeRef>
					  </structure:CodeRef>
					  <structure:CodeRef>
						<structure:CodelistAliasRef>AL_AGE_GROUP_TRAC</structure:CodelistAliasRef>
						<structure:CodeID>6</structure:CodeID> <!--under 15-->
						<structure:CodeRef>
							<structure:CodelistAliasRef>AL_GENDER_TRAC</structure:CodelistAliasRef>
							<structure:CodeID>0</structure:CodeID> <!-- male -->
					  	</structure:CodeRef>
						<structure:CodeRef>
							<structure:CodelistAliasRef>AL_GENDER_TRAC</structure:CodelistAliasRef>
							<structure:CodeID>1</structure:CodeID> <!-- female-->
					  	</structure:CodeRef>
					  </structure:CodeRef>
				</structure:CodeRef>

				<!-- PIT.  SAME DISAGGREGATION FOR ALL INDICATORS:   UNDER 15 (m+f), 15 TO 24 (M+f), >= 25 (m+f)-->
				<structure:CodeRef>
					  <structure:CodelistAliasRef>AL_INDICATOR</structure:CodelistAliasRef>
					  <structure:CodeID>100</structure:CodeID>
					  <structure:CodeRef>
						<structure:CodelistAliasRef>AL_AGE_GROUP_TRAC</structure:CodelistAliasRef>
						<structure:CodeID>1</structure:CodeID> <!--under 15-->
						<structure:CodeRef>
							<structure:CodelistAliasRef>AL_GENDER_TRAC</structure:CodelistAliasRef>
							<structure:CodeID>0</structure:CodeID> <!-- male -->
					  	</structure:CodeRef>
						<structure:CodeRef>
							<structure:CodelistAliasRef>AL_GENDER_TRAC</structure:CodelistAliasRef>
							<structure:CodeID>1</structure:CodeID> <!-- female-->
					  	</structure:CodeRef>
					  </structure:CodeRef>
					  <structure:CodeRef>
						<structure:CodelistAliasRef>AL_AGE_GROUP_TRAC</structure:CodelistAliasRef>
						<structure:CodeID>5</structure:CodeID> <!--under 15-->
						<structure:CodeRef>
							<structure:CodelistAliasRef>AL_GENDER_TRAC</structure:CodelistAliasRef>
							<structure:CodeID>0</structure:CodeID> <!-- male -->
					  	</structure:CodeRef>
						<structure:CodeRef>
							<structure:CodelistAliasRef>AL_GENDER_TRAC</structure:CodelistAliasRef>
							<structure:CodeID>1</structure:CodeID> <!-- female-->
					  	</structure:CodeRef>
					  </structure:CodeRef>
					  <structure:CodeRef>
						<structure:CodelistAliasRef>AL_AGE_GROUP_TRAC</structure:CodelistAliasRef>
						<structure:CodeID>6</structure:CodeID> <!--under 15-->
						<structure:CodeRef>
							<structure:CodelistAliasRef>AL_GENDER_TRAC</structure:CodelistAliasRef>
							<structure:CodeID>0</structure:CodeID> <!-- male -->
					  	</structure:CodeRef>
						<structure:CodeRef>
							<structure:CodelistAliasRef>AL_GENDER_TRAC</structure:CodelistAliasRef>
							<structure:CodeID>1</structure:CodeID> <!-- female-->
					  	</structure:CodeRef>
					  </structure:CodeRef>
				</structure:CodeRef>
				<structure:CodeRef>
					  <structure:CodelistAliasRef>AL_INDICATOR</structure:CodelistAliasRef>
					  <structure:CodeID>101</structure:CodeID>
					  <structure:CodeRef>
						<structure:CodelistAliasRef>AL_AGE_GROUP_TRAC</structure:CodelistAliasRef>
						<structure:CodeID>1</structure:CodeID> <!--under 15-->
						<structure:CodeRef>
							<structure:CodelistAliasRef>AL_GENDER_TRAC</structure:CodelistAliasRef>
							<structure:CodeID>0</structure:CodeID> <!-- male -->
					  	</structure:CodeRef>
						<structure:CodeRef>
							<structure:CodelistAliasRef>AL_GENDER_TRAC</structure:CodelistAliasRef>
							<structure:CodeID>1</structure:CodeID> <!-- female-->
					  	</structure:CodeRef>
					  </structure:CodeRef>
					  <structure:CodeRef>
						<structure:CodelistAliasRef>AL_AGE_GROUP_TRAC</structure:CodelistAliasRef>
						<structure:CodeID>5</structure:CodeID> <!--under 15-->
						<structure:CodeRef>
							<structure:CodelistAliasRef>AL_GENDER_TRAC</structure:CodelistAliasRef>
							<structure:CodeID>0</structure:CodeID> <!-- male -->
					  	</structure:CodeRef>
						<structure:CodeRef>
							<structure:CodelistAliasRef>AL_GENDER_TRAC</structure:CodelistAliasRef>
							<structure:CodeID>1</structure:CodeID> <!-- female-->
					  	</structure:CodeRef>
					  </structure:CodeRef>
					  <structure:CodeRef>
						<structure:CodelistAliasRef>AL_AGE_GROUP_TRAC</structure:CodelistAliasRef>
						<structure:CodeID>6</structure:CodeID> <!--under 15-->
						<structure:CodeRef>
							<structure:CodelistAliasRef>AL_GENDER_TRAC</structure:CodelistAliasRef>
							<structure:CodeID>0</structure:CodeID> <!-- male -->
					  	</structure:CodeRef>
						<structure:CodeRef>
							<structure:CodelistAliasRef>AL_GENDER_TRAC</structure:CodelistAliasRef>
							<structure:CodeID>1</structure:CodeID> <!-- female-->
					  	</structure:CodeRef>
					  </structure:CodeRef>
				</structure:CodeRef>
				<structure:CodeRef>
					  <structure:CodelistAliasRef>AL_INDICATOR</structure:CodelistAliasRef>
					  <structure:CodeID>102</structure:CodeID>
					  <structure:CodeRef>
						<structure:CodelistAliasRef>AL_AGE_GROUP_TRAC</structure:CodelistAliasRef>
						<structure:CodeID>1</structure:CodeID> <!--under 15-->
						<structure:CodeRef>
							<structure:CodelistAliasRef>AL_GENDER_TRAC</structure:CodelistAliasRef>
							<structure:CodeID>0</structure:CodeID> <!-- male -->
					  	</structure:CodeRef>
						<structure:CodeRef>
							<structure:CodelistAliasRef>AL_GENDER_TRAC</structure:CodelistAliasRef>
							<structure:CodeID>1</structure:CodeID> <!-- female-->
					  	</structure:CodeRef>
					  </structure:CodeRef>
					  <structure:CodeRef>
						<structure:CodelistAliasRef>AL_AGE_GROUP_TRAC</structure:CodelistAliasRef>
						<structure:CodeID>5</structure:CodeID> <!--under 15-->
						<structure:CodeRef>
							<structure:CodelistAliasRef>AL_GENDER_TRAC</structure:CodelistAliasRef>
							<structure:CodeID>0</structure:CodeID> <!-- male -->
					  	</structure:CodeRef>
						<structure:CodeRef>
							<structure:CodelistAliasRef>AL_GENDER_TRAC</structure:CodelistAliasRef>
							<structure:CodeID>1</structure:CodeID> <!-- female-->
					  	</structure:CodeRef>
					  </structure:CodeRef>
					  <structure:CodeRef>
						<structure:CodelistAliasRef>AL_AGE_GROUP_TRAC</structure:CodelistAliasRef>
						<structure:CodeID>6</structure:CodeID> <!--under 15-->
						<structure:CodeRef>
							<structure:CodelistAliasRef>AL_GENDER_TRAC</structure:CodelistAliasRef>
							<structure:CodeID>0</structure:CodeID> <!-- male -->
					  	</structure:CodeRef>
						<structure:CodeRef>
							<structure:CodelistAliasRef>AL_GENDER_TRAC</structure:CodelistAliasRef>
							<structure:CodeID>1</structure:CodeID> <!-- female-->
					  	</structure:CodeRef>
					  </structure:CodeRef>
				</structure:CodeRef>

				<!-- PEP (NO DISAGGREGATION) -->
				<structure:CodeRef>
					  <structure:CodelistAliasRef>AL_INDICATOR</structure:CodelistAliasRef>
					  <structure:CodeID>103</structure:CodeID>
				</structure:CodeRef>
				<structure:CodeRef>
					  <structure:CodelistAliasRef>AL_INDICATOR</structure:CodelistAliasRef>
					  <structure:CodeID>104</structure:CodeID>
				</structure:CodeRef>
				<structure:CodeRef>
					  <structure:CodelistAliasRef>AL_INDICATOR</structure:CodelistAliasRef>
					  <structure:CodeID>105</structure:CodeID>
				</structure:CodeRef>
				<structure:CodeRef>
					  <structure:CodelistAliasRef>AL_INDICATOR</structure:CodelistAliasRef>
					  <structure:CodeID>106</structure:CodeID>
				</structure:CodeRef>
				<structure:CodeRef>
					  <structure:CodelistAliasRef>AL_INDICATOR</structure:CodelistAliasRef>
					  <structure:CodeID>107</structure:CodeID>
				</structure:CodeRef>
				<structure:CodeRef>
					  <structure:CodelistAliasRef>AL_INDICATOR</structure:CodelistAliasRef>
					  <structure:CodeID>108</structure:CodeID>
				</structure:CodeRef>
				<structure:CodeRef>
					  <structure:CodelistAliasRef>AL_INDICATOR</structure:CodelistAliasRef>
					  <structure:CodeID>109</structure:CodeID>
				</structure:CodeRef>
				<structure:CodeRef>
					  <structure:CodelistAliasRef>AL_INDICATOR</structure:CodelistAliasRef>
					  <structure:CodeID>110</structure:CodeID>
				</structure:CodeRef>
				<structure:CodeRef>
					  <structure:CodelistAliasRef>AL_INDICATOR</structure:CodelistAliasRef>
					  <structure:CodeID>111</structure:CodeID>
				</structure:CodeRef>

				<!-- MALE CIRCUMCISION  (NO DISAGGREGATION)-->
				<structure:CodeRef>
					  <structure:CodelistAliasRef>AL_INDICATOR</structure:CodelistAliasRef>
					  <structure:CodeID>112</structure:CodeID>
					  <structure:CodeRef>
						<structure:CodelistAliasRef>AL_AGE_GROUP_TRAC</structure:CodelistAliasRef>
						<structure:CodeID>7</structure:CodeID> <!-- 0-28 days -->
					  </structure:CodeRef>
					  <structure:CodeRef>
						<structure:CodelistAliasRef>AL_AGE_GROUP_TRAC</structure:CodelistAliasRef>
						<structure:CodeID>8</structure:CodeID> <!-- Less than 1 year -->
					  </structure:CodeRef>
					  <structure:CodeRef>
						<structure:CodelistAliasRef>AL_AGE_GROUP_TRAC</structure:CodelistAliasRef>
						<structure:CodeID>9</structure:CodeID> <!-- 1-14 -->
					  </structure:CodeRef>
					  <structure:CodeRef>
						<structure:CodelistAliasRef>AL_AGE_GROUP_TRAC</structure:CodelistAliasRef>
						<structure:CodeID>5</structure:CodeID> <!-- 15-24 -->
					  </structure:CodeRef>
					  <structure:CodeRef>
						<structure:CodelistAliasRef>AL_AGE_GROUP_TRAC</structure:CodelistAliasRef>
						<structure:CodeID>10</structure:CodeID> <!-- 25-49 -->
					  </structure:CodeRef>
					  <structure:CodeRef>
						<structure:CodelistAliasRef>AL_AGE_GROUP_TRAC</structure:CodelistAliasRef>
						<structure:CodeID>11</structure:CodeID> <!-- 50-59 -->
					  </structure:CodeRef>
					  <structure:CodeRef>
						<structure:CodelistAliasRef>AL_AGE_GROUP_TRAC</structure:CodelistAliasRef>
						<structure:CodeID>12</structure:CodeID> <!-- 60+ -->
					  </structure:CodeRef>
				</structure:CodeRef>
				<structure:CodeRef>
					  <structure:CodelistAliasRef>AL_INDICATOR</structure:CodelistAliasRef>
					  <structure:CodeID>113</structure:CodeID>
					  <structure:CodeRef>
						<structure:CodelistAliasRef>AL_AGE_GROUP_TRAC</structure:CodelistAliasRef>
						<structure:CodeID>0</structure:CodeID> <!-- 15+ -->
					  </structure:CodeRef>
				</structure:CodeRef>
				<structure:CodeRef>
					  <structure:CodelistAliasRef>AL_INDICATOR</structure:CodelistAliasRef>
					  <structure:CodeID>114</structure:CodeID>
					  <structure:CodeRef>
						<structure:CodelistAliasRef>AL_AGE_GROUP_TRAC</structure:CodelistAliasRef>
						<structure:CodeID>0</structure:CodeID> <!-- 15+ -->
					  </structure:CodeRef>
				</structure:CodeRef>
				<structure:CodeRef>
					  <structure:CodelistAliasRef>AL_INDICATOR</structure:CodelistAliasRef>
					  <structure:CodeID>118</structure:CodeID>
				</structure:CodeRef>
			</structure:Hierarchy>

			<!-- Groups Indicators into hierarchies -->

			<structure:Hierarchy id="INDICATOR_SET_INDICATOR_HIERARCHY">
				<structure:Name>Indicator Set to Indicator Hierarchy</structure:Name>
				
				<!-- PRE-ART, 1 THROUGH 10 -->
				<structure:CodeRef>
					<structure:CodelistAliasRef>AL_ISET</structure:CodelistAliasRef>
					<structure:CodeID>13</structure:CodeID>
					<structure:CodeRef>
						<structure:CodelistAliasRef>AL_INDICATOR</structure:CodelistAliasRef>
						<structure:CodeID>0</structure:CodeID>
					</structure:CodeRef>
					<structure:CodeRef>
						<structure:CodelistAliasRef>AL_INDICATOR</structure:CodelistAliasRef>
						<structure:CodeID>1</structure:CodeID>
					</structure:CodeRef>
					<structure:CodeRef>
						<structure:CodelistAliasRef>AL_INDICATOR</structure:CodelistAliasRef>
						<structure:CodeID>2</structure:CodeID>
					</structure:CodeRef>
					<structure:CodeRef>
						<structure:CodelistAliasRef>AL_INDICATOR</structure:CodelistAliasRef>
						<structure:CodeID>3</structure:CodeID>
					</structure:CodeRef>
					<structure:CodeRef>
						<structure:CodelistAliasRef>AL_INDICATOR</structure:CodelistAliasRef>
						<structure:CodeID>4</structure:CodeID>
					</structure:CodeRef>
					<structure:CodeRef>
						<structure:CodelistAliasRef>AL_INDICATOR</structure:CodelistAliasRef>
						<structure:CodeID>5</structure:CodeID>
					</structure:CodeRef>
					<structure:CodeRef>
						<structure:CodelistAliasRef>AL_INDICATOR</structure:CodelistAliasRef>
						<structure:CodeID>6</structure:CodeID>
					</structure:CodeRef>
					<structure:CodeRef>
						<structure:CodelistAliasRef>AL_INDICATOR</structure:CodelistAliasRef>
						<structure:CodeID>7</structure:CodeID>
					</structure:CodeRef>
					<structure:CodeRef>
						<structure:CodelistAliasRef>AL_INDICATOR</structure:CodelistAliasRef>
						<structure:CodeID>8</structure:CodeID>
					</structure:CodeRef>
					<structure:CodeRef>
						<structure:CodelistAliasRef>AL_INDICATOR</structure:CodelistAliasRef>
						<structure:CodeID>9</structure:CodeID>
					</structure:CodeRef>
					<structure:CodeRef>
						<structure:CodelistAliasRef>AL_INDICATOR</structure:CodelistAliasRef>
						<structure:CodeID>10</structure:CodeID>
					</structure:CodeRef>
				</structure:CodeRef>

                                <!-- ART, 11 THROUGH 26-->
				<structure:CodeRef>
					<structure:CodelistAliasRef>AL_ISET</structure:CodelistAliasRef>
					<structure:CodeID>14</structure:CodeID>
					<structure:CodeRef>
						<structure:CodelistAliasRef>AL_INDICATOR</structure:CodelistAliasRef>
						<structure:CodeID>11</structure:CodeID>
					</structure:CodeRef>
					<structure:CodeRef>
						<structure:CodelistAliasRef>AL_INDICATOR</structure:CodelistAliasRef>
						<structure:CodeID>12</structure:CodeID>
					</structure:CodeRef>
					<structure:CodeRef>
						<structure:CodelistAliasRef>AL_INDICATOR</structure:CodelistAliasRef>
						<structure:CodeID>13</structure:CodeID>
					</structure:CodeRef>
					<structure:CodeRef>
						<structure:CodelistAliasRef>AL_INDICATOR</structure:CodelistAliasRef>
						<structure:CodeID>14</structure:CodeID>
					</structure:CodeRef>
					<structure:CodeRef>
						<structure:CodelistAliasRef>AL_INDICATOR</structure:CodelistAliasRef>
						<structure:CodeID>15</structure:CodeID>
					</structure:CodeRef>
					<structure:CodeRef>
						<structure:CodelistAliasRef>AL_INDICATOR</structure:CodelistAliasRef>
						<structure:CodeID>16</structure:CodeID>
					</structure:CodeRef>
					<structure:CodeRef>
						<structure:CodelistAliasRef>AL_INDICATOR</structure:CodelistAliasRef>
						<structure:CodeID>17</structure:CodeID>
					</structure:CodeRef>
					<structure:CodeRef>
						<structure:CodelistAliasRef>AL_INDICATOR</structure:CodelistAliasRef>
						<structure:CodeID>18</structure:CodeID>
					</structure:CodeRef>
					<structure:CodeRef>
						<structure:CodelistAliasRef>AL_INDICATOR</structure:CodelistAliasRef>
						<structure:CodeID>19</structure:CodeID>
					</structure:CodeRef>
					<structure:CodeRef>
						<structure:CodelistAliasRef>AL_INDICATOR</structure:CodelistAliasRef>
						<structure:CodeID>20</structure:CodeID>
					</structure:CodeRef>
					<structure:CodeRef>
						<structure:CodelistAliasRef>AL_INDICATOR</structure:CodelistAliasRef>
						<structure:CodeID>21</structure:CodeID>
					</structure:CodeRef>
					<structure:CodeRef>
						<structure:CodelistAliasRef>AL_INDICATOR</structure:CodelistAliasRef>
						<structure:CodeID>22</structure:CodeID>
					</structure:CodeRef>
					<structure:CodeRef>
						<structure:CodelistAliasRef>AL_INDICATOR</structure:CodelistAliasRef>
						<structure:CodeID>23</structure:CodeID>
					</structure:CodeRef>
					<structure:CodeRef>
						<structure:CodelistAliasRef>AL_INDICATOR</structure:CodelistAliasRef>
						<structure:CodeID>24</structure:CodeID>
					</structure:CodeRef>
					<structure:CodeRef>
						<structure:CodelistAliasRef>AL_INDICATOR</structure:CodelistAliasRef>
						<structure:CodeID>25</structure:CodeID>
					</structure:CodeRef>
					<structure:CodeRef>
						<structure:CodelistAliasRef>AL_INDICATOR</structure:CodelistAliasRef>
						<structure:CodeID>33</structure:CodeID>
					</structure:CodeRef>
					<structure:CodeRef>
						<structure:CodelistAliasRef>AL_INDICATOR</structure:CodelistAliasRef>
						<structure:CodeID>26</structure:CodeID>
					</structure:CodeRef>
				</structure:CodeRef>

				<!-- STI, 27 THROUGH 29-->
				<structure:CodeRef>
					<structure:CodelistAliasRef>AL_ISET</structure:CodelistAliasRef>
					<structure:CodeID>15</structure:CodeID>
					<structure:CodeRef>
						<structure:CodelistAliasRef>AL_INDICATOR</structure:CodelistAliasRef>
						<structure:CodeID>27</structure:CodeID>
					</structure:CodeRef>
					<structure:CodeRef>
						<structure:CodelistAliasRef>AL_INDICATOR</structure:CodelistAliasRef>
						<structure:CodeID>28</structure:CodeID>
					</structure:CodeRef>
					<structure:CodeRef>
						<structure:CodelistAliasRef>AL_INDICATOR</structure:CodelistAliasRef>
						<structure:CodeID>29</structure:CodeID>
					</structure:CodeRef>
				</structure:CodeRef>

				<!-- NUTRITION, 30 THROUGH 38-->		
				<structure:CodeRef>
					<structure:CodelistAliasRef>AL_ISET</structure:CodelistAliasRef>
					<structure:CodeID>16</structure:CodeID>
					<structure:CodeRef>
						<structure:CodelistAliasRef>AL_INDICATOR</structure:CodelistAliasRef>
						<structure:CodeID>30</structure:CodeID>
					</structure:CodeRef>
					<structure:CodeRef>
						<structure:CodelistAliasRef>AL_INDICATOR</structure:CodelistAliasRef>
						<structure:CodeID>31</structure:CodeID>
					</structure:CodeRef>
					<structure:CodeRef>
						<structure:CodelistAliasRef>AL_INDICATOR</structure:CodelistAliasRef>
						<structure:CodeID>32</structure:CodeID>
					</structure:CodeRef>
					<structure:CodeRef>
						<structure:CodelistAliasRef>AL_INDICATOR</structure:CodelistAliasRef>
						<structure:CodeID>37</structure:CodeID>
					</structure:CodeRef>
					<structure:CodeRef>
						<structure:CodelistAliasRef>AL_INDICATOR</structure:CodelistAliasRef>
						<structure:CodeID>38</structure:CodeID>
					</structure:CodeRef>
				</structure:CodeRef>

				<!-- ANTENATAL, 39 THROUGH 59-->		
				<structure:CodeRef>
					<structure:CodelistAliasRef>AL_ISET</structure:CodelistAliasRef>
					<structure:CodeID>17</structure:CodeID>
					<structure:CodeRef>
						<structure:CodelistAliasRef>AL_INDICATOR</structure:CodelistAliasRef>
						<structure:CodeID>39</structure:CodeID>
					</structure:CodeRef>
					<structure:CodeRef>
						<structure:CodelistAliasRef>AL_INDICATOR</structure:CodelistAliasRef>
						<structure:CodeID>40</structure:CodeID>
					</structure:CodeRef>
					<structure:CodeRef>
						<structure:CodelistAliasRef>AL_INDICATOR</structure:CodelistAliasRef>
						<structure:CodeID>41</structure:CodeID>
					</structure:CodeRef>
					<structure:CodeRef>
						<structure:CodelistAliasRef>AL_INDICATOR</structure:CodelistAliasRef>
						<structure:CodeID>42</structure:CodeID>
					</structure:CodeRef>
					<structure:CodeRef>
						<structure:CodelistAliasRef>AL_INDICATOR</structure:CodelistAliasRef>
						<structure:CodeID>43</structure:CodeID>
					</structure:CodeRef>
					<structure:CodeRef>
						<structure:CodelistAliasRef>AL_INDICATOR</structure:CodelistAliasRef>
						<structure:CodeID>44</structure:CodeID>
					</structure:CodeRef>
					<structure:CodeRef>
						<structure:CodelistAliasRef>AL_INDICATOR</structure:CodelistAliasRef>
						<structure:CodeID>45</structure:CodeID>
					</structure:CodeRef>
					<structure:CodeRef>
						<structure:CodelistAliasRef>AL_INDICATOR</structure:CodelistAliasRef>
						<structure:CodeID>46</structure:CodeID>
					</structure:CodeRef>
					<structure:CodeRef>
						<structure:CodelistAliasRef>AL_INDICATOR</structure:CodelistAliasRef>
						<structure:CodeID>47</structure:CodeID>
					</structure:CodeRef>
					<structure:CodeRef>
						<structure:CodelistAliasRef>AL_INDICATOR</structure:CodelistAliasRef>
						<structure:CodeID>48</structure:CodeID>
					</structure:CodeRef>
					<structure:CodeRef>
						<structure:CodelistAliasRef>AL_INDICATOR</structure:CodelistAliasRef>
						<structure:CodeID>49</structure:CodeID>
					</structure:CodeRef>
					<structure:CodeRef>
						<structure:CodelistAliasRef>AL_INDICATOR</structure:CodelistAliasRef>
						<structure:CodeID>50</structure:CodeID>
					</structure:CodeRef>
					<structure:CodeRef>
						<structure:CodelistAliasRef>AL_INDICATOR</structure:CodelistAliasRef>
						<structure:CodeID>51</structure:CodeID>
					</structure:CodeRef>
					<structure:CodeRef>
						<structure:CodelistAliasRef>AL_INDICATOR</structure:CodelistAliasRef>
						<structure:CodeID>52</structure:CodeID>
					</structure:CodeRef>
					<structure:CodeRef>
						<structure:CodelistAliasRef>AL_INDICATOR</structure:CodelistAliasRef>
						<structure:CodeID>53</structure:CodeID>
					</structure:CodeRef>
					<structure:CodeRef>
						<structure:CodelistAliasRef>AL_INDICATOR</structure:CodelistAliasRef>
						<structure:CodeID>54</structure:CodeID>
					</structure:CodeRef>
					<structure:CodeRef>
						<structure:CodelistAliasRef>AL_INDICATOR</structure:CodelistAliasRef>
						<structure:CodeID>55</structure:CodeID>
					</structure:CodeRef>
					<structure:CodeRef>
						<structure:CodelistAliasRef>AL_INDICATOR</structure:CodelistAliasRef>
						<structure:CodeID>56</structure:CodeID>
					</structure:CodeRef>
					<structure:CodeRef>
						<structure:CodelistAliasRef>AL_INDICATOR</structure:CodelistAliasRef>
						<structure:CodeID>57</structure:CodeID>
					</structure:CodeRef>
					<structure:CodeRef>
						<structure:CodelistAliasRef>AL_INDICATOR</structure:CodelistAliasRef>
						<structure:CodeID>58</structure:CodeID>
					</structure:CodeRef>
					<structure:CodeRef>
						<structure:CodelistAliasRef>AL_INDICATOR</structure:CodelistAliasRef>
						<structure:CodeID>59</structure:CodeID>
					</structure:CodeRef>
				</structure:CodeRef>

				<!-- MATERNITY , 60 THROUGH 70-->		
				<structure:CodeRef>
					<structure:CodelistAliasRef>AL_ISET</structure:CodelistAliasRef>
					<structure:CodeID>18</structure:CodeID>
					<structure:CodeRef>
						<structure:CodelistAliasRef>AL_INDICATOR</structure:CodelistAliasRef>
						<structure:CodeID>60</structure:CodeID>
					</structure:CodeRef>
					<structure:CodeRef>
						<structure:CodelistAliasRef>AL_INDICATOR</structure:CodelistAliasRef>
						<structure:CodeID>61</structure:CodeID>
					</structure:CodeRef>
					<structure:CodeRef>
						<structure:CodelistAliasRef>AL_INDICATOR</structure:CodelistAliasRef>
						<structure:CodeID>62</structure:CodeID>
					</structure:CodeRef>
					<structure:CodeRef>
						<structure:CodelistAliasRef>AL_INDICATOR</structure:CodelistAliasRef>
						<structure:CodeID>63</structure:CodeID>
					</structure:CodeRef>
					<structure:CodeRef>
						<structure:CodelistAliasRef>AL_INDICATOR</structure:CodelistAliasRef>
						<structure:CodeID>64</structure:CodeID>
					</structure:CodeRef>
					<structure:CodeRef>
						<structure:CodelistAliasRef>AL_INDICATOR</structure:CodelistAliasRef>
						<structure:CodeID>65</structure:CodeID>
					</structure:CodeRef>
					<structure:CodeRef>
						<structure:CodelistAliasRef>AL_INDICATOR</structure:CodelistAliasRef>
						<structure:CodeID>66</structure:CodeID>
					</structure:CodeRef>
					<structure:CodeRef>
						<structure:CodelistAliasRef>AL_INDICATOR</structure:CodelistAliasRef>
						<structure:CodeID>67</structure:CodeID>
					</structure:CodeRef>
					<structure:CodeRef>
						<structure:CodelistAliasRef>AL_INDICATOR</structure:CodelistAliasRef>
						<structure:CodeID>68</structure:CodeID>
					</structure:CodeRef>
					<structure:CodeRef>
						<structure:CodelistAliasRef>AL_INDICATOR</structure:CodelistAliasRef>
						<structure:CodeID>69</structure:CodeID>
					</structure:CodeRef>
					<structure:CodeRef>
						<structure:CodelistAliasRef>AL_INDICATOR</structure:CodelistAliasRef>
						<structure:CodeID>70</structure:CodeID>
					</structure:CodeRef>
				</structure:CodeRef>

				<!-- EXPOSED INFANTS, 71 THROUGH 89-->		
				<structure:CodeRef>
					<structure:CodelistAliasRef>AL_ISET</structure:CodelistAliasRef>
					<structure:CodeID>19</structure:CodeID>
					<structure:CodeRef>
						<structure:CodelistAliasRef>AL_INDICATOR</structure:CodelistAliasRef>
						<structure:CodeID>71</structure:CodeID>
					</structure:CodeRef>
					<structure:CodeRef>
						<structure:CodelistAliasRef>AL_INDICATOR</structure:CodelistAliasRef>
						<structure:CodeID>72</structure:CodeID>
					</structure:CodeRef>
					<structure:CodeRef>
						<structure:CodelistAliasRef>AL_INDICATOR</structure:CodelistAliasRef>
						<structure:CodeID>73</structure:CodeID>
					</structure:CodeRef>
					<structure:CodeRef>
						<structure:CodelistAliasRef>AL_INDICATOR</structure:CodelistAliasRef>
						<structure:CodeID>74</structure:CodeID>
					</structure:CodeRef>
					<structure:CodeRef>
						<structure:CodelistAliasRef>AL_INDICATOR</structure:CodelistAliasRef>
						<structure:CodeID>75</structure:CodeID>
					</structure:CodeRef>
					<structure:CodeRef>
						<structure:CodelistAliasRef>AL_INDICATOR</structure:CodelistAliasRef>
						<structure:CodeID>76</structure:CodeID>
					</structure:CodeRef>
					<structure:CodeRef>
						<structure:CodelistAliasRef>AL_INDICATOR</structure:CodelistAliasRef>
						<structure:CodeID>77</structure:CodeID>
					</structure:CodeRef>
					<structure:CodeRef>
						<structure:CodelistAliasRef>AL_INDICATOR</structure:CodelistAliasRef>
						<structure:CodeID>78</structure:CodeID>
					</structure:CodeRef>
					<structure:CodeRef>
						<structure:CodelistAliasRef>AL_INDICATOR</structure:CodelistAliasRef>
						<structure:CodeID>79</structure:CodeID>
					</structure:CodeRef>
					<structure:CodeRef>
						<structure:CodelistAliasRef>AL_INDICATOR</structure:CodelistAliasRef>
						<structure:CodeID>80</structure:CodeID>
					</structure:CodeRef>
					<structure:CodeRef>
						<structure:CodelistAliasRef>AL_INDICATOR</structure:CodelistAliasRef>
						<structure:CodeID>81</structure:CodeID>
					</structure:CodeRef>
					<structure:CodeRef>
						<structure:CodelistAliasRef>AL_INDICATOR</structure:CodelistAliasRef>
						<structure:CodeID>82</structure:CodeID>
					</structure:CodeRef>
					<structure:CodeRef>
						<structure:CodelistAliasRef>AL_INDICATOR</structure:CodelistAliasRef>
						<structure:CodeID>83</structure:CodeID>
					</structure:CodeRef>
					<structure:CodeRef>
						<structure:CodelistAliasRef>AL_INDICATOR</structure:CodelistAliasRef>
						<structure:CodeID>84</structure:CodeID>
					</structure:CodeRef>
					<structure:CodeRef>
						<structure:CodelistAliasRef>AL_INDICATOR</structure:CodelistAliasRef>
						<structure:CodeID>85</structure:CodeID>
					</structure:CodeRef>
					<structure:CodeRef>
						<structure:CodelistAliasRef>AL_INDICATOR</structure:CodelistAliasRef>
						<structure:CodeID>86</structure:CodeID>
					</structure:CodeRef>
					<structure:CodeRef>
						<structure:CodelistAliasRef>AL_INDICATOR</structure:CodelistAliasRef>
						<structure:CodeID>87</structure:CodeID>
					</structure:CodeRef>
					<structure:CodeRef>
						<structure:CodelistAliasRef>AL_INDICATOR</structure:CodelistAliasRef>
						<structure:CodeID>88</structure:CodeID>
					</structure:CodeRef>
					<structure:CodeRef>
						<structure:CodelistAliasRef>AL_INDICATOR</structure:CodelistAliasRef>
						<structure:CodeID>89</structure:CodeID>
					</structure:CodeRef>
				</structure:CodeRef>

				<!-- FAMILY PLANNING, 90 THROUGH 94-->		
				<structure:CodeRef>
					<structure:CodelistAliasRef>AL_ISET</structure:CodelistAliasRef>
					<structure:CodeID>20</structure:CodeID>
					<structure:CodeRef>
						<structure:CodelistAliasRef>AL_INDICATOR</structure:CodelistAliasRef>
						<structure:CodeID>90</structure:CodeID>
					</structure:CodeRef>
					<structure:CodeRef>
						<structure:CodelistAliasRef>AL_INDICATOR</structure:CodelistAliasRef>
						<structure:CodeID>91</structure:CodeID>
					</structure:CodeRef>
					<structure:CodeRef>
						<structure:CodelistAliasRef>AL_INDICATOR</structure:CodelistAliasRef>
						<structure:CodeID>92</structure:CodeID>
					</structure:CodeRef>
					<structure:CodeRef>
						<structure:CodelistAliasRef>AL_INDICATOR</structure:CodelistAliasRef>
						<structure:CodeID>93</structure:CodeID>
					</structure:CodeRef>
					<structure:CodeRef>
						<structure:CodelistAliasRef>AL_INDICATOR</structure:CodelistAliasRef>
						<structure:CodeID>94</structure:CodeID>
					</structure:CodeRef>
				</structure:CodeRef>

				<!-- VCT, 95 THROUGH 99-->		
				<structure:CodeRef>
					<structure:CodelistAliasRef>AL_ISET</structure:CodelistAliasRef>
					<structure:CodeID>21</structure:CodeID>
					<structure:CodeRef>
						<structure:CodelistAliasRef>AL_INDICATOR</structure:CodelistAliasRef>
						<structure:CodeID>95</structure:CodeID>
					</structure:CodeRef>
					<structure:CodeRef>
						<structure:CodelistAliasRef>AL_INDICATOR</structure:CodelistAliasRef>
						<structure:CodeID>96</structure:CodeID>
					</structure:CodeRef>
					<structure:CodeRef>
						<structure:CodelistAliasRef>AL_INDICATOR</structure:CodelistAliasRef>
						<structure:CodeID>97</structure:CodeID>
					</structure:CodeRef>
					<structure:CodeRef>
						<structure:CodelistAliasRef>AL_INDICATOR</structure:CodelistAliasRef>
						<structure:CodeID>98</structure:CodeID>
					</structure:CodeRef>
					<structure:CodeRef>
						<structure:CodelistAliasRef>AL_INDICATOR</structure:CodelistAliasRef>
						<structure:CodeID>99</structure:CodeID>
					</structure:CodeRef>
				</structure:CodeRef>

				<!-- PIT, 100 THROUGH 102-->		
				<structure:CodeRef>
					<structure:CodelistAliasRef>AL_ISET</structure:CodelistAliasRef>
					<structure:CodeID>22</structure:CodeID>
					<structure:CodeRef>
						<structure:CodelistAliasRef>AL_INDICATOR</structure:CodelistAliasRef>
						<structure:CodeID>100</structure:CodeID>
					</structure:CodeRef>
					<structure:CodeRef>
						<structure:CodelistAliasRef>AL_INDICATOR</structure:CodelistAliasRef>
						<structure:CodeID>101</structure:CodeID>
					</structure:CodeRef>
					<structure:CodeRef>
						<structure:CodelistAliasRef>AL_INDICATOR</structure:CodelistAliasRef>
						<structure:CodeID>102</structure:CodeID>
					</structure:CodeRef>
				</structure:CodeRef>

				<!-- PEP, 103 THROUGH 111-->		
				<structure:CodeRef>
					<structure:CodelistAliasRef>AL_ISET</structure:CodelistAliasRef>
					<structure:CodeID>23</structure:CodeID>
					<structure:CodeRef>
						<structure:CodelistAliasRef>AL_INDICATOR</structure:CodelistAliasRef>
						<structure:CodeID>103</structure:CodeID>
					</structure:CodeRef>
					<structure:CodeRef>
						<structure:CodelistAliasRef>AL_INDICATOR</structure:CodelistAliasRef>
						<structure:CodeID>104</structure:CodeID>
					</structure:CodeRef>
					<structure:CodeRef>
						<structure:CodelistAliasRef>AL_INDICATOR</structure:CodelistAliasRef>
						<structure:CodeID>105</structure:CodeID>
					</structure:CodeRef>
					<structure:CodeRef>
						<structure:CodelistAliasRef>AL_INDICATOR</structure:CodelistAliasRef>
						<structure:CodeID>106</structure:CodeID>
					</structure:CodeRef>
					<structure:CodeRef>
						<structure:CodelistAliasRef>AL_INDICATOR</structure:CodelistAliasRef>
						<structure:CodeID>107</structure:CodeID>
					</structure:CodeRef>
					<structure:CodeRef>
						<structure:CodelistAliasRef>AL_INDICATOR</structure:CodelistAliasRef>
						<structure:CodeID>108</structure:CodeID>
					</structure:CodeRef>
					<structure:CodeRef>
						<structure:CodelistAliasRef>AL_INDICATOR</structure:CodelistAliasRef>
						<structure:CodeID>109</structure:CodeID>
					</structure:CodeRef>
					<structure:CodeRef>
						<structure:CodelistAliasRef>AL_INDICATOR</structure:CodelistAliasRef>
						<structure:CodeID>110</structure:CodeID>
					</structure:CodeRef>
					<structure:CodeRef>
						<structure:CodelistAliasRef>AL_INDICATOR</structure:CodelistAliasRef>
						<structure:CodeID>111</structure:CodeID>
					</structure:CodeRef>
				</structure:CodeRef>

				<!-- MALE CIRCUMCISION, 112 THROUGH 118-->		
				<structure:CodeRef>
					<structure:CodelistAliasRef>AL_ISET</structure:CodelistAliasRef>
					<structure:CodeID>24</structure:CodeID>
					<structure:CodeRef>
						<structure:CodelistAliasRef>AL_INDICATOR</structure:CodelistAliasRef>
						<structure:CodeID>112</structure:CodeID>
					</structure:CodeRef>
					<structure:CodeRef>
						<structure:CodelistAliasRef>AL_INDICATOR</structure:CodelistAliasRef>
						<structure:CodeID>113</structure:CodeID>
					</structure:CodeRef>
					<structure:CodeRef>
						<structure:CodelistAliasRef>AL_INDICATOR</structure:CodelistAliasRef>
						<structure:CodeID>114</structure:CodeID>
					</structure:CodeRef>
					<structure:CodeRef>
						<structure:CodelistAliasRef>AL_INDICATOR</structure:CodelistAliasRef>
						<structure:CodeID>118</structure:CodeID>
					</structure:CodeRef>
				</structure:CodeRef>
			</structure:Hierarchy>

		</structure:HierarchicalCodelist>
	</HierarchicalCodelists>

	<!-- COMMON CONCEPT SCHEME'S Externally Referenced -->
	<!-- Note:  codes in codelists often reference concepts.  These seem to be top-level objects.  -->
	
	<Concepts>
		<structure:ConceptScheme id="CS_COMMON" agencyID="SDMX-HD" version="1.0" isFinal="true" isExternalReference="true" uri="./COMMON/SDMX-HD/v1.0/conceptschemes/COMMON+SDMX-HD+1.0.xml" >
			<structure:Name>SDMX-HD Common Data Elements</structure:Name>					
		</structure:ConceptScheme>
	</Concepts>

	<!-- Each key family becomes its own report in openmrs.  -->
	<!-- You need to include the dimension for indicator, and then the dimensions you care about.  Primary Measure is also required. -->

	<KeyFamilies>		
		<structure:KeyFamily id="TRACNET_KEYFAMILY" agencyID="TRACNET" version="1.0" isFinal="false">
			<structure:Name xml:lang="en">TRACNET KEYFAMILY</structure:Name>
			<structure:Description xml:lang="en">TRACNET KEYFAMILY</structure:Description>
			<structure:Components>
			
				<structure:Dimension conceptRef="INDICATOR" conceptSchemeRef="CS_COMMON" conceptVersion="1.0" conceptSchemeAgency="SDMX-HD" codelist="CL_INDICATOR" codelistVersion="1.0" codelistAgency="TRACPLUS"/>				
								
				<structure:Dimension conceptRef="GENDER" conceptSchemeRef="CS_COMMON" conceptVersion="1.0" conceptSchemeAgency="SDMX-HD" codelist="CL_GENDER_TRAC" codelistVersion="1.0" codelistAgency="TRACPLUS"/>
				
				<structure:Dimension conceptRef="AGROUP" conceptSchemeRef="CS_COMMON" conceptVersion="1.0" conceptSchemeAgency="SDMX-HD" codelist="CL_AGE_GROUP_TRAC" codelistVersion="1.0" codelistAgency="TRACPLUS"/>
				
				<!-- TIME DIMENSION -->
				
				<structure:TimeDimension conceptRef="TIME_PERIOD" conceptSchemeRef="CS_COMMON" conceptVersion="1.0"
				conceptSchemeAgency="SDMX-HD" codelist="CL_TIME_PERIOD" codelistVersion="1.0" codelistAgency="SDMX-HD" />

				<!-- DEFINES THAT THE PRIMARY MEASURE OF EACH VALUE IS A NUMERIC -->

				<structure:PrimaryMeasure conceptRef="OBS_VALUE" conceptSchemeRef="CS_COMMON" conceptVersion="1.0" conceptSchemeAgency="SDMX-HD">
					<structure:TextFormat textType="Decimal"/>	
				</structure:PrimaryMeasure>	
				
				<structure:Attribute conceptRef="FREQ" conceptSchemeRef="CS_COMMON" conceptVersion="1.0" conceptSchemeAgency="SDMX-HD" codelist="CL_FREQ" codelistVersion="1.0" codelistAgency="TRACPLUS" attachmentLevel="Group" assignmentStatus="Mandatory"/>	
								
			</structure:Components>
		</structure:KeyFamily>
	</KeyFamilies>

</Structure>
