﻿<?xml version="1.0" encoding="UTF-8"?>
<Structure xmlns="http://www.SDMX.org/resources/SDMXML/schemas/v2_0/message" xmlns:structure="http://www.SDMX.org/resources/SDMXML/schemas/v2_0/structure" xmlns:xsi="http://www.w3.org/2001/XMLSchema-instance" xsi:schemaLocation="http://www.SDMX.org/resources/SDMXML/schemas/v2_0/message SDMXMessage.xsd">
	<Header>
		<ID>SDMX-HD-DSD</ID>
		<Test>false</Test>
		<Truncated>false</Truncated>
		<Name xml:lang="en">TRAC PLUS</Name>
		<Prepared>2012-06-18</Prepared>
		<Sender id="TRACPLUS">
			<Name>TRAC PLUS</Name>
			<Contact>
				<Name xml:lang="en">Admin</Name>
				<Department>Health Care Informatics</Department>
			</Contact>
		</Sender>
	</Header>
	<CodeLists>	
		<structure:CodeList id="CL_ISET" agencyID="TRACNET" version="1.0" isFinal="false" urn="urn:sdmx:org.sdmx.infomodel.codelist=TRACNET:CL_ISET">
			<structure:Name xml:lang="en">Indicator Set</structure:Name>
			<structure:Description xml:lang="en">Grouping of related indicators</structure:Description>  
			<structure:Code value="13" urn="urn:sdmx:org.sdmx.infomodel.codelist.Code=TRACPLUS:CL_ISET[1.0].0"><structure:Description xml:lang="en">[ART] Pre ART</structure:Description></structure:Code>
			<structure:Code value="14" urn="urn:sdmx:org.sdmx.infomodel.codelist.Code=TRACPLUS:CL_ISET[1.0].1"><structure:Description xml:lang="en">[ART] ART</structure:Description></structure:Code>
			<structure:Code value="15" urn="urn:sdmx:org.sdmx.infomodel.codelist.Code=TRACPLUS:CL_ISET[1.0].2"><structure:Description xml:lang="en">[ART] STIs, Opportunistic Infections and Others</structure:Description></structure:Code>
			<structure:Code value="16" urn="urn:sdmx:org.sdmx.infomodel.codelist.Code=TRACPLUS:CL_ISET[1.0].3"><structure:Description xml:lang="en">[ART] Nutrition Consultation</structure:Description></structure:Code>
			<structure:Code value="17" urn="urn:sdmx:org.sdmx.infomodel.codelist.Code=TRACPLUS:CL_ISET[1.0].4"><structure:Description xml:lang="en">[PMTCT] Antenatal</structure:Description></structure:Code>
			<structure:Code value="18" urn="urn:sdmx:org.sdmx.infomodel.codelist.Code=TRACPLUS:CL_ISET[1.0].5"><structure:Description xml:lang="en">[PMTCT] Maternity</structure:Description></structure:Code>
			<structure:Code value="19" urn="urn:sdmx:org.sdmx.infomodel.codelist.Code=TRACPLUS:CL_ISET[1.0].6"><structure:Description xml:lang="en">[PMTCT] HIV Exposed Infant Follow-up</structure:Description></structure:Code>
			<structure:Code value="20" urn="urn:sdmx:org.sdmx.infomodel.codelist.Code=TRACPLUS:CL_ISET[1.0].7"><structure:Description xml:lang="en">[PMTCT] Family Planning</structure:Description></structure:Code>
			<structure:Code value="21" urn="urn:sdmx:org.sdmx.infomodel.codelist.Code=TRACPLUS:CL_ISET[1.0].8"><structure:Description xml:lang="en">[VCT] VCT</structure:Description></structure:Code>
			<structure:Code value="22" urn="urn:sdmx:org.sdmx.infomodel.codelist.Code=TRACPLUS:CL_ISET[1.0].9"><structure:Description xml:lang="en">[VCT] Provider-Initiated Testing (PIT)</structure:Description></structure:Code>
			<structure:Code value="23" urn="urn:sdmx:org.sdmx.infomodel.codelist.Code=TRACPLUS:CL_ISET[1.0].10"><structure:Description xml:lang="en">[VCT] PEP</structure:Description></structure:Code>
			<structure:Code value="24" urn="urn:sdmx:org.sdmx.infomodel.codelist.Code=TRACPLUS:CL_ISET[1.0].11"><structure:Description xml:lang="en">[MC] Male Circumcision</structure:Description></structure:Code>
		</structure:CodeList>	
	</CodeLists>
</Structure>

