﻿<?xml version="1.0" encoding="UTF-8"?>
<Structure xmlns="http://www.SDMX.org/resources/SDMXML/schemas/v2_0/message" xmlns:structure="http://www.SDMX.org/resources/SDMXML/schemas/v2_0/structure" xmlns:xsi="http://www.w3.org/2001/XMLSchema-instance" xsi:schemaLocation="http://www.SDMX.org/resources/SDMXML/schemas/v2_0/message SDMXMessage.xsd">
	<Header>
		<ID>SDMX-HD-DSD</ID>
		<Test>false</Test>
		<Truncated>false</Truncated>
		<Name xml:lang="en">TRAC PLUS</Name>
		<Prepared>2012-06-18</Prepared>
		<Sender id="TRACPLUS">
			<Name>TRAC PLUS</Name>
			<Contact>
				<Name xml:lang="en">Admin</Name>
				<Department>Health Care Informatics</Department>
			</Contact>
		</Sender>
	</Header>
	<CodeLists>
		<structure:CodeList id="CL_INDICATOR" agencyID="TRACNET" version="1.0" isFinal="false" urn="urn:sdmx:org.sdmx.infomodel.codelist=TRACNET:CL_INDICATOR">
			<structure:Name xml:lang="en">Indicator</structure:Name>
			<structure:Description xml:lang="en">Describes each of the unique indicators</structure:Description>

			<!-- PRE-ART -->
			<structure:Code value="0" urn="urn:sdmx:org.sdmx.infomodel.codelist.Code=TRACNET:CL_INDICATOR[1.0].0">
	   			<structure:Description xml:lang="en">Total number of patients currently in Pre-ART</structure:Description>
			</structure:Code>
			<structure:Code value="1" urn="urn:sdmx:org.sdmx.infomodel.codelist.Code=TRACNET:CL_INDICATOR[1.0].1">
				<structure:Description xml:lang="en">Total number of new patients enrolled in HIV care this month</structure:Description>
			</structure:Code>
			<structure:Code value="2" urn="urn:sdmx:org.sdmx.infomodel.codelist.Code=TRACNET:CL_INDICATOR[1.0].2">
				<structure:Description xml:lang="en">Number of patients on cotrimoxazole prophylaxis this month (Pre-ART and ART)</structure:Description>
			</structure:Code>
			<structure:Code value="3" urn="urn:sdmx:org.sdmx.infomodel.codelist.Code=TRACNET:CL_INDICATOR[1.0].3">
				<structure:Description xml:lang="en">Number of new patients screened for active TB at enrollment this month</structure:Description>
			</structure:Code>
			<structure:Code value="4" urn="urn:sdmx:org.sdmx.infomodel.codelist.Code=TRACNET:CL_INDICATOR[1.0].4">
				<structure:Description xml:lang="en">Number of patients screened for TB Positive at enrollment this month</structure:Description>
			</structure:Code>
			<structure:Code value="5" urn="urn:sdmx:org.sdmx.infomodel.codelist.Code=TRACNET:CL_INDICATOR[1.0].5">
				<structure:Description xml:lang="en">Number of newly enrolled patients who started TB treatment this month</structure:Description>
			</structure:Code>
			<structure:Code value="6" urn="urn:sdmx:org.sdmx.infomodel.codelist.Code=TRACNET:CL_INDICATOR[1.0].6">
				<structure:Description xml:lang="en">Total number of Pre-ARV patients who died this month</structure:Description>
			</structure:Code>
			<structure:Code value="7" urn="urn:sdmx:org.sdmx.infomodel.codelist.Code=TRACNET:CL_INDICATOR[1.0].7">
				<structure:Description xml:lang="en">Total number of Pre-ARV patients lost to follow up (>3 months) this month</structure:Description>
			</structure:Code>
			<structure:Code value="8" urn="urn:sdmx:org.sdmx.infomodel.codelist.Code=TRACNET:CL_INDICATOR[1.0].8">
				<structure:Description xml:lang="en">Total number of Pre-ARV patients who have been transferred out this month</structure:Description>
			</structure:Code>
			<structure:Code value="9" urn="urn:sdmx:org.sdmx.infomodel.codelist.Code=TRACNET:CL_INDICATOR[1.0].9">
				<structure:Description xml:lang="en">Total number of Pre-ARV patients who have been transferred in this month</structure:Description>
			</structure:Code>
			<structure:Code value="10" urn="urn:sdmx:org.sdmx.infomodel.codelist.Code=TRACNET:CL_INDICATOR[1.0].10">
				<structure:Description xml:lang="en">Total number of lost to follow up Pre-ART patients back to program</structure:Description>
			</structure:Code>

			<!-- ART -->
			<structure:Code value="11" urn="urn:sdmx:org.sdmx.infomodel.codelist.Code=TRACNET:CL_INDICATOR[1.0].11">
				<structure:Description xml:lang="en">Total number of patients who are currently on ARV treatment</structure:Description>
			</structure:Code>
			<structure:Code value="12" urn="urn:sdmx:org.sdmx.infomodel.codelist.Code=TRACNET:CL_INDICATOR[1.0].12">
				<structure:Description xml:lang="en">Total number of patients who are on First Line Regimen</structure:Description>
			</structure:Code>
			<structure:Code value="13" urn="urn:sdmx:org.sdmx.infomodel.codelist.Code=TRACNET:CL_INDICATOR[1.0].13">
				<structure:Description xml:lang="en">Total number of patients who are on Second Line Regimen</structure:Description>
			</structure:Code>
			<structure:Code value="14" urn="urn:sdmx:org.sdmx.infomodel.codelist.Code=TRACNET:CL_INDICATOR[1.0].14">
				<structure:Description xml:lang="en">Number of new patients starting ARV treatment this month</structure:Description>
			</structure:Code>
			<structure:Code value="15" urn="urn:sdmx:org.sdmx.infomodel.codelist.Code=TRACNET:CL_INDICATOR[1.0].15">
				<structure:Description xml:lang="en">Number of new patients who are WHO stage 4 this month</structure:Description>
			</structure:Code>
			<structure:Code value="16" urn="urn:sdmx:org.sdmx.infomodel.codelist.Code=TRACNET:CL_INDICATOR[1.0].16">
				<structure:Description xml:lang="en">Number of new patients who are WHO Stage 3 this month</structure:Description>
			</structure:Code>
			<structure:Code value="17" urn="urn:sdmx:org.sdmx.infomodel.codelist.Code=TRACNET:CL_INDICATOR[1.0].17">
				<structure:Description xml:lang="en">Number of new patients who are WHO Stage 2 this month</structure:Description>
			</structure:Code>
			<structure:Code value="18" urn="urn:sdmx:org.sdmx.infomodel.codelist.Code=TRACNET:CL_INDICATOR[1.0].18">
				<structure:Description xml:lang="en">Number of new patients who are WHO Stage 1 this month</structure:Description>
			</structure:Code>
			<structure:Code value="19" urn="urn:sdmx:org.sdmx.infomodel.codelist.Code=TRACNET:CL_INDICATOR[1.0].19">
				<structure:Description xml:lang="en">Number of new patients whose WHO Stage is unknown and not documented this month</structure:Description>
			</structure:Code>
			<structure:Code value="20" urn="urn:sdmx:org.sdmx.infomodel.codelist.Code=TRACNET:CL_INDICATOR[1.0].20">
				<structure:Description xml:lang="en">Number of ARV patients who have had their treatment interrupted this month</structure:Description>
			</structure:Code>
			<structure:Code value="21" urn="urn:sdmx:org.sdmx.infomodel.codelist.Code=TRACNET:CL_INDICATOR[1.0].21">
				<structure:Description xml:lang="en">Number of ARV patients who have died this month</structure:Description>
			</structure:Code>
			<structure:Code value="22" urn="urn:sdmx:org.sdmx.infomodel.codelist.Code=TRACNET:CL_INDICATOR[1.0].22">
				<structure:Description xml:lang="en">Number of ARV patients lost to follow up (>3 months)</structure:Description>
			</structure:Code>
			<structure:Code value="23" urn="urn:sdmx:org.sdmx.infomodel.codelist.Code=TRACNET:CL_INDICATOR[1.0].23">
				<structure:Description xml:lang="en">Number of patients on treatment 12 months after initiation of ARVs</structure:Description>
			</structure:Code>
			<structure:Code value="24" urn="urn:sdmx:org.sdmx.infomodel.codelist.Code=TRACNET:CL_INDICATOR[1.0].24">
				<structure:Description xml:lang="en">Number of ARV patients who have been transferred out this month</structure:Description>
			</structure:Code>
			<structure:Code value="25" urn="urn:sdmx:org.sdmx.infomodel.codelist.Code=TRACNET:CL_INDICATOR[1.0].25">
				<structure:Description xml:lang="en">Number of ARV patients who have been transferred in this month</structure:Description>
			</structure:Code>
			<structure:Code value="33" urn="urn:sdmx:org.sdmx.infomodel.codelist.Code=TRACNET:CL_INDICATOR[1.0].33">
				<structure:Description xml:lang="en">Total number of lost to follow up ART patients back to program</structure:Description>
			</structure:Code>
			<structure:Code value="26" urn="urn:sdmx:org.sdmx.infomodel.codelist.Code=TRACNET:CL_INDICATOR[1.0].26">
				<structure:Description xml:lang="en">Number of new patient starting ART second line regimen this month</structure:Description>
			</structure:Code>

			<!-- STIs -->
			<structure:Code value="27" urn="urn:sdmx:org.sdmx.infomodel.codelist.Code=TRACNET:CL_INDICATOR[1.0].27">
				<structure:Description xml:lang="en">Number of clients who received councelling and screening for STIs this month</structure:Description>
			</structure:Code>
			<structure:Code value="28" urn="urn:sdmx:org.sdmx.infomodel.codelist.Code=TRACNET:CL_INDICATOR[1.0].28">
				<structure:Description xml:lang="en">Number of STI cases diagnosed and treated this month</structure:Description>
			</structure:Code>
			<structure:Code value="29" urn="urn:sdmx:org.sdmx.infomodel.codelist.Code=TRACNET:CL_INDICATOR[1.0].29">
				<structure:Description xml:lang="en">Number of opportunistic infection cases treated, excluding TB, this month</structure:Description>
			</structure:Code>

			<!-- NUTRITION -->
			<structure:Code value="30" urn="urn:sdmx:org.sdmx.infomodel.codelist.Code=TRACNET:CL_INDICATOR[1.0].30">
				<structure:Description xml:lang="en">Number of HIV + pediatric patients with severe malnutrition this month</structure:Description>
			</structure:Code>
			<structure:Code value="31" urn="urn:sdmx:org.sdmx.infomodel.codelist.Code=TRACNET:CL_INDICATOR[1.0].31">
				<structure:Description xml:lang="en">Number of HIV+ pediatric patients with severe malnutrition who received therapeutic or nutritional supplementation this month</structure:Description>
			</structure:Code>
			<structure:Code value="32" urn="urn:sdmx:org.sdmx.infomodel.codelist.Code=TRACNET:CL_INDICATOR[1.0].32">
				<structure:Description xml:lang="en">Number of HIV+ patients who received therapeutic or nutritional supplementation this month</structure:Description>
			</structure:Code>
			<structure:Code value="37" urn="urn:sdmx:org.sdmx.infomodel.codelist.Code=TRACNET:CL_INDICATOR[1.0].37">
				<structure:Description xml:lang="en">Number of patients who received a follow-up and adherence counselling</structure:Description>
			</structure:Code>
			<structure:Code value="38" urn="urn:sdmx:org.sdmx.infomodel.codelist.Code=TRACNET:CL_INDICATOR[1.0].38">
				<structure:Description xml:lang="en">Number of patients who received family planning this month</structure:Description>
			</structure:Code>


			<!-- Antenatal-->

			<structure:Code value="39" urn="urn:sdmx:org.sdmx.infomodel.codelist.Code=TRACNET:CL_INDICATOR[1.0].39">
				<structure:Description xml:lang="en">Number of women with unknown HIV status presenting for first antenatal care consultation</structure:Description>
			</structure:Code>
			<structure:Code value="40" urn="urn:sdmx:org.sdmx.infomodel.codelist.Code=TRACNET:CL_INDICATOR[1.0].40">
				<structure:Description xml:lang="en">Number of known HIV positive pregnant women presenting for first antenatal care consultation</structure:Description>
			</structure:Code>
			<structure:Code value="41" urn="urn:sdmx:org.sdmx.infomodel.codelist.Code=TRACNET:CL_INDICATOR[1.0].41">
				<structure:Description xml:lang="en">Number of pregnant women with unknown HIV status tested for HIV	</structure:Description>
			</structure:Code>
			<structure:Code value="42" urn="urn:sdmx:org.sdmx.infomodel.codelist.Code=TRACNET:CL_INDICATOR[1.0].42">
				<structure:Description xml:lang="en">Number of HIV positive pregnant women</structure:Description>
			</structure:Code>
			<structure:Code value="43" urn="urn:sdmx:org.sdmx.infomodel.codelist.Code=TRACNET:CL_INDICATOR[1.0].43">
				<structure:Description xml:lang="en">Number of HIV negative women who received their results</structure:Description>
			</structure:Code>
			<structure:Code value="44" urn="urn:sdmx:org.sdmx.infomodel.codelist.Code=TRACNET:CL_INDICATOR[1.0].44">
				<structure:Description xml:lang="en">Number of HIV positive women who received their results</structure:Description>
			</structure:Code>
			<structure:Code value="45" urn="urn:sdmx:org.sdmx.infomodel.codelist.Code=TRACNET:CL_INDICATOR[1.0].45">
				<structure:Description xml:lang="en">Number of HIV positive pregnant women identified this month, tested for CD4</structure:Description>
			</structure:Code>
			<structure:Code value="46" urn="urn:sdmx:org.sdmx.infomodel.codelist.Code=TRACNET:CL_INDICATOR[1.0].46">
				<structure:Description xml:lang="en">Number of HIV positive pregnant women eligible for HAART (For their own health)</structure:Description>
			</structure:Code>
			<structure:Code value="47" urn="urn:sdmx:org.sdmx.infomodel.codelist.Code=TRACNET:CL_INDICATOR[1.0].47">
				<structure:Description xml:lang="en">Number of HIV positive pregnant women eligible for triple therapy prophylaxis</structure:Description>
			</structure:Code>
			<structure:Code value="48" urn="urn:sdmx:org.sdmx.infomodel.codelist.Code=TRACNET:CL_INDICATOR[1.0].48">
				<structure:Description xml:lang="en">Number of HIV positive pregnant women starting Cotrimoxazole this month</structure:Description>
			</structure:Code>
			<structure:Code value="49" urn="urn:sdmx:org.sdmx.infomodel.codelist.Code=TRACNET:CL_INDICATOR[1.0].49">
				<structure:Description xml:lang="en">Number of HIV positive pregnant women who received AZT as prophylaxis at 28 weeks</structure:Description>
			</structure:Code>
			<structure:Code value="50" urn="urn:sdmx:org.sdmx.infomodel.codelist.Code=TRACNET:CL_INDICATOR[1.0].50">
				<structure:Description xml:lang="en">Number of HIV positive pregnant women who received triple therapy as prophylaxis</structure:Description>
			</structure:Code>
			<structure:Code value="51" urn="urn:sdmx:org.sdmx.infomodel.codelist.Code=TRACNET:CL_INDICATOR[1.0].51">
				<structure:Description xml:lang="en">Number of HIV positive pregnant women eligible for treatment who received HAART (For their own health)</structure:Description>
			</structure:Code>
			<structure:Code value="52" urn="urn:sdmx:org.sdmx.infomodel.codelist.Code=TRACNET:CL_INDICATOR[1.0].52">
				<structure:Description xml:lang="en">Number of pregnant women tested for syphilis</structure:Description>
			</structure:Code>
			<structure:Code value="53" urn="urn:sdmx:org.sdmx.infomodel.codelist.Code=TRACNET:CL_INDICATOR[1.0].53">
				<structure:Description xml:lang="en">Number of Pregnant women tested positive for syphilis</structure:Description>
			</structure:Code>
			<structure:Code value="54" urn="urn:sdmx:org.sdmx.infomodel.codelist.Code=TRACNET:CL_INDICATOR[1.0].54">
				<structure:Description xml:lang="en">Number of pregnant women partners tested for HIV</structure:Description>
			</structure:Code>
			<structure:Code value="55" urn="urn:sdmx:org.sdmx.infomodel.codelist.Code=TRACNET:CL_INDICATOR[1.0].55">
				<structure:Description xml:lang="en">Number of discordant couples</structure:Description>
			</structure:Code>
			<structure:Code value="56" urn="urn:sdmx:org.sdmx.infomodel.codelist.Code=TRACNET:CL_INDICATOR[1.0].56">
				<structure:Description xml:lang="en">Number of HIV negative pregnant women whose partners are tested HIV Positive</structure:Description>
			</structure:Code>
			<structure:Code value="57" urn="urn:sdmx:org.sdmx.infomodel.codelist.Code=TRACNET:CL_INDICATOR[1.0].57">
				<structure:Description xml:lang="en">Number of partners tested HIV positive</structure:Description>
			</structure:Code>
			<structure:Code value="58" urn="urn:sdmx:org.sdmx.infomodel.codelist.Code=TRACNET:CL_INDICATOR[1.0].58">
				<structure:Description xml:lang="en">Number of pregnant women who received therapeutic or nutritional supplementation this month</structure:Description>
			</structure:Code>
			<structure:Code value="59" urn="urn:sdmx:org.sdmx.infomodel.codelist.Code=TRACNET:CL_INDICATOR[1.0].59">
				<structure:Description xml:lang="en">Number of lactating mothers who received therapeutic or nutritional supplementation this month</structure:Description>
			</structure:Code>

			<!--Maternity-->

			<structure:Code value="60" urn="urn:sdmx:org.sdmx.infomodel.codelist.Code=TRACNET:CL_INDICATOR[1.0].60">
				<structure:Description xml:lang="en">Number of expected deliveries at the facility this month</structure:Description>
			</structure:Code>
			<structure:Code value="61" urn="urn:sdmx:org.sdmx.infomodel.codelist.Code=TRACNET:CL_INDICATOR[1.0].61">
				<structure:Description xml:lang="en">Number of deliveries occurring at the facility this month</structure:Description>
			</structure:Code>
			<structure:Code value="62" urn="urn:sdmx:org.sdmx.infomodel.codelist.Code=TRACNET:CL_INDICATOR[1.0].62">
				<structure:Description xml:lang="en">Number of expected deliveries among HIV positive women</structure:Description>
			</structure:Code>
			<structure:Code value="63" urn="urn:sdmx:org.sdmx.infomodel.codelist.Code=TRACNET:CL_INDICATOR[1.0].63">
				<structure:Description xml:lang="en">Number of HIV positive women giving birth at the facility</structure:Description>
			</structure:Code>
			<structure:Code value="64" urn="urn:sdmx:org.sdmx.infomodel.codelist.Code=TRACNET:CL_INDICATOR[1.0].64">
				<structure:Description xml:lang="en">Number of reported HIV positive women giving birth at home</structure:Description>
			</structure:Code>
			<structure:Code value="65" urn="urn:sdmx:org.sdmx.infomodel.codelist.Code=TRACNET:CL_INDICATOR[1.0].65">
				<structure:Description xml:lang="en">Number of HIV negative women in discordant couple who received single dose of tripletherapy as prophylaxis during labor</structure:Description>
			</structure:Code>
			<structure:Code value="66" urn="urn:sdmx:org.sdmx.infomodel.codelist.Code=TRACNET:CL_INDICATOR[1.0].66">
				<structure:Description xml:lang="en">Number of women with unknown HIV status tested for HIV during labor</structure:Description>
			</structure:Code>
			<structure:Code value="67" urn="urn:sdmx:org.sdmx.infomodel.codelist.Code=TRACNET:CL_INDICATOR[1.0].67">
				<structure:Description xml:lang="en">Number of women with unknown HIV status tested HIV positive during labor</structure:Description>
			</structure:Code>
			<structure:Code value="68" urn="urn:sdmx:org.sdmx.infomodel.codelist.Code=TRACNET:CL_INDICATOR[1.0].68">
				<structure:Description xml:lang="en">Number of HIV positive pregnant women identified at maternity who started triple therapy prophylaxis</structure:Description>
			</structure:Code>
			<structure:Code value="69" urn="urn:sdmx:org.sdmx.infomodel.codelist.Code=TRACNET:CL_INDICATOR[1.0].69">
				<structure:Description xml:lang="en">Number of women receiving dual therapy after delivery</structure:Description>
			</structure:Code>
			<structure:Code value="70" urn="urn:sdmx:org.sdmx.infomodel.codelist.Code=TRACNET:CL_INDICATOR[1.0].70">
				<structure:Description xml:lang="en">Number of new infants born from HIV positive mothers who received ART prophylaxis at birth</structure:Description>
			</structure:Code>

			<!--Exposed Infant-->

			<structure:Code value="71" urn="urn:sdmx:org.sdmx.infomodel.codelist.Code=TRACNET:CL_INDICATOR[1.0].71">
				<structure:Description xml:lang="en">Number of HIV positive women who breastfeed</structure:Description>
			</structure:Code>
			<structure:Code value="72" urn="urn:sdmx:org.sdmx.infomodel.codelist.Code=TRACNET:CL_INDICATOR[1.0].72">
				<structure:Description xml:lang="en">Number of HIV positive women using formula</structure:Description>
			</structure:Code>
			<structure:Code value="73" urn="urn:sdmx:org.sdmx.infomodel.codelist.Code=TRACNET:CL_INDICATOR[1.0].73">
				<structure:Description xml:lang="en">Number of infants born to HIV positive mothers currently enrolled in the PMTCT program</structure:Description>
			</structure:Code>
			<structure:Code value="74" urn="urn:sdmx:org.sdmx.infomodel.codelist.Code=TRACNET:CL_INDICATOR[1.0].74">
				<structure:Description xml:lang="en">Number of infant born to HIV negative women in discordant couple currently enrolled in the PMTCT program</structure:Description>
			</structure:Code>
			<structure:Code value="75" urn="urn:sdmx:org.sdmx.infomodel.codelist.Code=TRACNET:CL_INDICATOR[1.0].75">
				<structure:Description xml:lang="en">Number of infants born from HIV positive mothers who are 6 weeks of age this month</structure:Description>
			</structure:Code>
			<structure:Code value="76" urn="urn:sdmx:org.sdmx.infomodel.codelist.Code=TRACNET:CL_INDICATOR[1.0].76">
				<structure:Description xml:lang="en">Number of infants born to HIV positive mothers tested at 6 weeks with PCR</structure:Description>
			</structure:Code>
			<structure:Code value="77" urn="urn:sdmx:org.sdmx.infomodel.codelist.Code=TRACNET:CL_INDICATOR[1.0].77">
				<structure:Description xml:lang="en">Number of infants born from HIV positive mothers who tested HIV positive at 6 weeks with PCR</structure:Description>
			</structure:Code>
			<structure:Code value="78" urn="urn:sdmx:org.sdmx.infomodel.codelist.Code=TRACNET:CL_INDICATOR[1.0].78">
				<structure:Description xml:lang="en">Number of Infants born from HIV positive mothers starting Cotrimoxazole Prophylaxis at 6 weeks</structure:Description>
			</structure:Code>
			<structure:Code value="79" urn="urn:sdmx:org.sdmx.infomodel.codelist.Code=TRACNET:CL_INDICATOR[1.0].79">
				<structure:Description xml:lang="en">Number of infants born to HIV positive mothers who are 9 months of age this month</structure:Description>
			</structure:Code>
			<structure:Code value="80" urn="urn:sdmx:org.sdmx.infomodel.codelist.Code=TRACNET:CL_INDICATOR[1.0].80">
				<structure:Description xml:lang="en">Number of infants born from HIV positive mothers tested at 9 months</structure:Description>
			</structure:Code>
			<structure:Code value="81" urn="urn:sdmx:org.sdmx.infomodel.codelist.Code=TRACNET:CL_INDICATOR[1.0].81">
				<structure:Description xml:lang="en">Number of infants born from HIV positive mothers who tested HIV positive at 9 months</structure:Description>
			</structure:Code>
			<structure:Code value="82" urn="urn:sdmx:org.sdmx.infomodel.codelist.Code=TRACNET:CL_INDICATOR[1.0].82">
				<structure:Description xml:lang="en">Number of infants born from HIV positive mothers who are 18 months of age this month</structure:Description>
			</structure:Code>
			<structure:Code value="83" urn="urn:sdmx:org.sdmx.infomodel.codelist.Code=TRACNET:CL_INDICATOR[1.0].83">
				<structure:Description xml:lang="en">Number of infants born from HIV positive mothers tested at 18 months</structure:Description>
			</structure:Code>
			<structure:Code value="84" urn="urn:sdmx:org.sdmx.infomodel.codelist.Code=TRACNET:CL_INDICATOR[1.0].84">
				<structure:Description xml:lang="en">Number of infants born from HIV positive mothers who tested HIV positive at 18 months</structure:Description>
			</structure:Code>
			<structure:Code value="85" urn="urn:sdmx:org.sdmx.infomodel.codelist.Code=TRACNET:CL_INDICATOR[1.0].85">
				<structure:Description xml:lang="en">Number of infants born to HIV positive women lost to follow up</structure:Description>
			</structure:Code>
			<structure:Code value="86" urn="urn:sdmx:org.sdmx.infomodel.codelist.Code=TRACNET:CL_INDICATOR[1.0].86">
				<structure:Description xml:lang="en">Number of infants born to HIV positive mothers screened for TB this month</structure:Description>
			</structure:Code>
			<structure:Code value="87" urn="urn:sdmx:org.sdmx.infomodel.codelist.Code=TRACNET:CL_INDICATOR[1.0].87">
				<structure:Description xml:lang="en">Number of reported deaths of infants born to HIV positive mothers</structure:Description>
			</structure:Code>
			<structure:Code value="88" urn="urn:sdmx:org.sdmx.infomodel.codelist.Code=TRACNET:CL_INDICATOR[1.0].88">
				<structure:Description xml:lang="en">Number of infants born from HIV positive mothers who are clinically malnourished</structure:Description>
			</structure:Code>
			<structure:Code value="89" urn="urn:sdmx:org.sdmx.infomodel.codelist.Code=TRACNET:CL_INDICATOR[1.0].89">
				<structure:Description xml:lang="en">Number of infants born from HIV positive mothers who received supplementary food</structure:Description>
			</structure:Code>

			<!--Family Planning-->

			<structure:Code value="90" urn="urn:sdmx:org.sdmx.infomodel.codelist.Code=TRACNET:CL_INDICATOR[1.0].90">
				<structure:Description xml:lang="en">Number of HIV positive women expected in family planning at the facility</structure:Description>
			</structure:Code>
			<structure:Code value="91" urn="urn:sdmx:org.sdmx.infomodel.codelist.Code=TRACNET:CL_INDICATOR[1.0].91">
				<structure:Description xml:lang="en">Number of HIV positive women seen in family planning</structure:Description>
			</structure:Code>
			<structure:Code value="92" urn="urn:sdmx:org.sdmx.infomodel.codelist.Code=TRACNET:CL_INDICATOR[1.0].92">
				<structure:Description xml:lang="en">Number of HIV positive women partners seen in family planning</structure:Description>
			</structure:Code>
			<structure:Code value="93" urn="urn:sdmx:org.sdmx.infomodel.codelist.Code=TRACNET:CL_INDICATOR[1.0].93">
				<structure:Description xml:lang="en">Number of HIV positive women who are receiving modern contraceptive methods</structure:Description>
			</structure:Code>
			<structure:Code value="94" urn="urn:sdmx:org.sdmx.infomodel.codelist.Code=TRACNET:CL_INDICATOR[1.0].94">
				<structure:Description xml:lang="en">Number of HIV positive women referred for family planning</structure:Description>
			</structure:Code>

			<!--VCT-->

			<structure:Code value="95" urn="urn:sdmx:org.sdmx.infomodel.codelist.Code=TRACNET:CL_INDICATOR[1.0].95">
				<structure:Description xml:lang="en">Number of clients counseled and tested for HIV</structure:Description>
			</structure:Code>
			<structure:Code value="96" urn="urn:sdmx:org.sdmx.infomodel.codelist.Code=TRACNET:CL_INDICATOR[1.0].96">
				<structure:Description xml:lang="en">Number of couples counseled and tested</structure:Description>
			</structure:Code>
			<structure:Code value="97" urn="urn:sdmx:org.sdmx.infomodel.codelist.Code=TRACNET:CL_INDICATOR[1.0].97">
				<structure:Description xml:lang="en">Number of discordant couples</structure:Description>
			</structure:Code>
			<structure:Code value="98" urn="urn:sdmx:org.sdmx.infomodel.codelist.Code=TRACNET:CL_INDICATOR[1.0].98">
				<structure:Description xml:lang="en">Number of clients tested and received results</structure:Description>
			</structure:Code>
			<structure:Code value="99" urn="urn:sdmx:org.sdmx.infomodel.codelist.Code=TRACNET:CL_INDICATOR[1.0].99">
				<structure:Description xml:lang="en">Number of HIV Positive clients</structure:Description>
			</structure:Code>

			<!--PIT-->

			<structure:Code value="100" urn="urn:sdmx:org.sdmx.infomodel.codelist.Code=TRACNET:CL_INDICATOR[1.0].100">
				<structure:Description xml:lang="en">Number of clients counseled and tested for HIV through PIT this month</structure:Description>
			</structure:Code>
			<structure:Code value="101" urn="urn:sdmx:org.sdmx.infomodel.codelist.Code=TRACNET:CL_INDICATOR[1.0].101">
				<structure:Description xml:lang="en">Number of clients who received HIV results through PIT this month</structure:Description>
			</structure:Code>
			<structure:Code value="102" urn="urn:sdmx:org.sdmx.infomodel.codelist.Code=TRACNET:CL_INDICATOR[1.0].102">
				<structure:Description xml:lang="en">Number of clients tested HIV positive through PIT this month</structure:Description>
			</structure:Code>

			<!--PEP-->

			<structure:Code value="103" urn="urn:sdmx:org.sdmx.infomodel.codelist.Code=TRACNET:CL_INDICATOR[1.0].103">
				<structure:Description xml:lang="en">Number of clients at risk of HIV infection as a result of occupational exposure this month</structure:Description>
			</structure:Code>
			<structure:Code value="104" urn="urn:sdmx:org.sdmx.infomodel.codelist.Code=TRACNET:CL_INDICATOR[1.0].104">
				<structure:Description xml:lang="en">Number of clients at risk of HIV infection as a result of rape/sexual assault this month</structure:Description>
			</structure:Code>
			<structure:Code value="105" urn="urn:sdmx:org.sdmx.infomodel.codelist.Code=TRACNET:CL_INDICATOR[1.0].105">
				<structure:Description xml:lang="en">Number of clients at risk of HIV infection as a result of other non-occupational exposure this month</structure:Description>
			</structure:Code>
			<structure:Code value="106" urn="urn:sdmx:org.sdmx.infomodel.codelist.Code=TRACNET:CL_INDICATOR[1.0].106">
				<structure:Description xml:lang="en">Number of clients at risk of HIV infection as a result of occupational exposure who received PEP this month</structure:Description>
			</structure:Code>
			<structure:Code value="107" urn="urn:sdmx:org.sdmx.infomodel.codelist.Code=TRACNET:CL_INDICATOR[1.0].107">
				<structure:Description xml:lang="en">Number of clients at risk of HIV infection as a result of rape/sexual assault who received PEP this month</structure:Description>
			</structure:Code>
			<structure:Code value="108" urn="urn:sdmx:org.sdmx.infomodel.codelist.Code=TRACNET:CL_INDICATOR[1.0].108">
				<structure:Description xml:lang="en">Number of clients at risk of HIV infection as a result of other non-occupational exposure who received PEP this month</structure:Description>
			</structure:Code>
			<structure:Code value="109" urn="urn:sdmx:org.sdmx.infomodel.codelist.Code=TRACNET:CL_INDICATOR[1.0].109">
				<structure:Description xml:lang="en">Number of clients at risk of HIV infection as a result of occupational exposure who were tested 3 months after receiving PEP this month</structure:Description>
			</structure:Code>
			<structure:Code value="110" urn="urn:sdmx:org.sdmx.infomodel.codelist.Code=TRACNET:CL_INDICATOR[1.0].110">
				<structure:Description xml:lang="en">Number of clients at risk of HIV infection as a result of rape/sexual assault who were tested 3 months after receiving PEP this month</structure:Description>
			</structure:Code>
			<structure:Code value="111" urn="urn:sdmx:org.sdmx.infomodel.codelist.Code=TRACNET:CL_INDICATOR[1.0].111">
				<structure:Description xml:lang="en">Number of clients at risk of HIV infection as a result of other non-occupational exposure who were tested 3 months after receiving PEP this month</structure:Description>
			</structure:Code>

			<!--Male Circumcision-->

			<structure:Code value="112" urn="urn:sdmx:org.sdmx.infomodel.codelist.Code=TRACNET:CL_INDICATOR[1.0].112">
				<structure:Description xml:lang="en">Number of males circumcised this month at this Health Facility</structure:Description>
			</structure:Code>
			<structure:Code value="113" urn="urn:sdmx:org.sdmx.infomodel.codelist.Code=TRACNET:CL_INDICATOR[1.0].113">
				<structure:Description xml:lang="en">Number of males circumcised and tested for HIV this month at this Health Facility</structure:Description>
			</structure:Code>
			<structure:Code value="114" urn="urn:sdmx:org.sdmx.infomodel.codelist.Code=TRACNET:CL_INDICATOR[1.0].114">
				<structure:Description xml:lang="en">Number of males circumcised and tested HIV positive this month at this Health Facility</structure:Description>
			</structure:Code>
			<structure:Code value="118" urn="urn:sdmx:org.sdmx.infomodel.codelist.Code=TRACNET:CL_INDICATOR[1.0].118">
				<structure:Description xml:lang="en">Number of males circumcised  this month experiencing one or more moderate or severe adverse events (Anaesthesia reaction, Bleeding, infection, pain, wound disruption, sexual dysfunction, Disfigurement /excess skin removal/damage to the gland or shaft of penis, excess swelling, difficulty urinating) due to male circumcision within 48 hours after surgery at this Health Facility</structure:Description>
			</structure:Code>

		</structure:CodeList>
	</CodeLists>
</Structure>

